Price,Adj Close,Close,High,Low,Open,Volume
Ticker,MSFT,MSFT,MSFT,MSFT,MSFT,MSFT
Date,,,,,,
2020-01-02 00:00:00+00:00,153.93820190429688,160.6199951171875,160.72999572753906,158.3300018310547,158.77999877929688,22622100
2020-01-03 00:00:00+00:00,152.0214080810547,158.6199951171875,159.9499969482422,158.05999755859375,158.32000732421875,21116200
2020-01-06 00:00:00+00:00,152.41432189941406,159.02999877929688,159.10000610351562,156.50999450683594,157.0800018310547,20813700
2020-01-07 00:00:00+00:00,151.02462768554688,157.5800018310547,159.6699981689453,157.32000732421875,159.32000732421875,21634100
2020-01-08 00:00:00+00:00,153.43023681640625,160.08999633789062,160.8000030517578,157.9499969482422,158.92999267578125,27746500
2020-01-09 00:00:00+00:00,155.3470458984375,162.08999633789062,162.22000122070312,161.02999877929688,161.83999633789062,21385000
2020-01-10 00:00:00+00:00,154.6282501220703,161.33999633789062,163.22000122070312,161.17999267578125,162.82000732421875,20725900
2020-01-13 00:00:00+00:00,156.48756408691406,163.27999877929688,163.30999755859375,161.25999450683594,161.75999450683594,21626500
2020-01-14 00:00:00+00:00,155.38540649414062,162.1300048828125,163.60000610351562,161.72000122070312,163.38999938964844,23477400
2020-01-15 00:00:00+00:00,156.39170837402344,163.17999267578125,163.94000244140625,162.57000732421875,162.6199951171875,21417900
2020-01-16 00:00:00+00:00,159.25733947753906,166.1699981689453,166.24000549316406,164.02999877929688,164.35000610351562,23865400
2020-01-17 00:00:00+00:00,160.14866638183594,167.10000610351562,167.47000122070312,165.42999267578125,167.4199981689453,34371700
2020-01-21 00:00:00+00:00,159.57363891601562,166.5,168.19000244140625,166.42999267578125,166.67999267578125,29517200
2020-01-22 00:00:00+00:00,158.80686950683594,165.6999969482422,167.49000549316406,165.67999267578125,167.39999389648438,24138800
2020-01-23 00:00:00+00:00,159.78445434570312,166.72000122070312,166.8000030517578,165.27000427246094,166.19000244140625,19680800
2020-01-24 00:00:00+00:00,158.17433166503906,165.0399932861328,167.52999877929688,164.4499969482422,167.50999450683594,24918100
2020-01-27 00:00:00+00:00,155.52919006347656,162.27999877929688,163.3800048828125,160.1999969482422,161.14999389648438,32078100
2020-01-28 00:00:00+00:00,158.57684326171875,165.4600067138672,165.75999450683594,163.07000732421875,163.77999877929688,24899900
2020-01-29 00:00:00+00:00,161.04954528808594,168.0399932861328,168.75,165.69000244140625,167.83999633789062,34754500
2020-01-30 00:00:00+00:00,165.5923614501953,172.77999877929688,174.0500030517578,170.7899932861328,174.0500030517578,51597500
2020-01-31 00:00:00+00:00,163.14846801757812,170.22999572753906,172.39999389648438,169.5800018310547,172.2100067138672,36142700
2020-02-03 00:00:00+00:00,167.12579345703125,174.3800048828125,174.5,170.39999389648438,170.42999267578125,30107000
2020-02-04 00:00:00+00:00,172.6270294189453,180.1199951171875,180.63999938964844,176.30999755859375,177.13999938964844,36433300
2020-02-05 00:00:00+00:00,172.41616821289062,179.89999389648438,184.1999969482422,178.41000366210938,184.02999877929688,39186300
2020-02-06 00:00:00+00:00,175.99098205566406,183.6300048828125,183.82000732421875,180.05999755859375,180.97000122070312,27751400
2020-02-07 00:00:00+00:00,176.2401580810547,183.88999938964844,185.6300048828125,182.47999572753906,182.85000610351562,33529100
2020-02-10 00:00:00+00:00,180.85006713867188,188.6999969482422,188.83999633789062,183.25,183.5800018310547,35844300
2020-02-11 00:00:00+00:00,176.7672882080078,184.44000244140625,190.6999969482422,183.5,190.64999389648438,53159900
2020-02-12 00:00:00+00:00,177.026123046875,184.7100067138672,185.85000610351562,181.85000610351562,185.5800018310547,47062900
2020-02-13 00:00:00+00:00,176.06764221191406,183.7100067138672,186.22999572753906,182.8699951171875,183.0800018310547,35295800
2020-02-14 00:00:00+00:00,177.63943481445312,185.35000610351562,185.41000366210938,182.64999389648438,183.25,23149500
2020-02-18 00:00:00+00:00,179.4412384033203,187.22999572753906,187.6999969482422,185.5,185.61000061035156,27792200
2020-02-19 00:00:00+00:00,179.97943115234375,187.27999877929688,188.17999267578125,186.47000122070312,188.05999755859375,29997500
2020-02-20 00:00:00+00:00,177.2308807373047,184.4199981689453,187.25,181.10000610351562,186.9499969482422,36862400
2020-02-21 00:00:00+00:00,171.62815856933594,178.58999633789062,183.5,177.25,183.1699981689453,48572600
2020-02-24 00:00:00+00:00,164.2283172607422,170.88999938964844,174.5500030517578,163.22999572753906,167.77000427246094,68311100
2020-02-25 00:00:00+00:00,161.51824951171875,168.07000732421875,174.83999633789062,167.64999389648438,174.1999969482422,68073300
2020-02-26 00:00:00+00:00,163.536376953125,170.1699981689453,173.25999450683594,168.2100067138672,169.7100067138672,56206100
2020-02-27 00:00:00+00:00,152.01376342773438,158.17999267578125,167.02999877929688,157.97999572753906,163.32000732421875,93174900
2020-02-28 00:00:00+00:00,155.69448852539062,162.00999450683594,163.7100067138672,152.0,152.41000366210938,97012700
2020-03-02 00:00:00+00:00,166.05422973632812,172.7899932861328,172.9199981689453,162.30999755859375,165.30999755859375,71030800
2020-03-03 00:00:00+00:00,158.09701538085938,164.50999450683594,175.0,162.25999450683594,173.8000030517578,71677000
2020-03-04 00:00:00+00:00,163.90158081054688,170.5500030517578,170.6999969482422,165.6199951171875,168.49000549316406,49814400
2020-03-05 00:00:00+00:00,159.78843688964844,166.27000427246094,170.8699951171875,165.69000244140625,166.0500030517578,47817300
2020-03-06 00:00:00+00:00,155.2716064453125,161.57000732421875,163.11000061035156,156.0,162.61000061035156,72821100
2020-03-09 00:00:00+00:00,144.7484893798828,150.6199951171875,157.75,150.0,151.0,70419300
2020-03-10 00:00:00+00:00,154.64697265625,160.9199981689453,161.02999877929688,152.5800018310547,158.16000366210938,65354400
2020-03-11 00:00:00+00:00,147.64117431640625,153.6300048828125,157.6999969482422,151.14999389648438,157.1300048828125,56371600
2020-03-12 00:00:00+00:00,133.63912963867188,139.05999755859375,153.47000122070312,138.5800018310547,145.3000030517578,93226400
2020-03-13 00:00:00+00:00,152.638427734375,158.8300018310547,161.91000366210938,140.72999572753906,147.5,92727400
2020-03-16 00:00:00+00:00,130.1410369873047,135.4199981689453,149.35000610351562,135.0,140.0,87905900
2020-03-17 00:00:00+00:00,140.85638427734375,146.57000732421875,147.5,135.0,140.0,81059800
2020-03-18 00:00:00+00:00,134.9268798828125,140.39999389648438,146.0,135.02000427246094,138.0,81593200
2020-03-19 00:00:00+00:00,137.1468048095703,142.7100067138672,150.14999389648438,139.0,142.77000427246094,85922700
2020-03-20 00:00:00+00:00,131.9957733154297,137.35000610351562,147.10000610351562,135.86000061035156,146.0,84866200
2020-03-23 00:00:00+00:00,130.67918395996094,135.97999572753906,140.57000732421875,132.52000427246094,137.00999450683594,78975200
2020-03-24 00:00:00+00:00,142.55735778808594,148.33999633789062,149.60000610351562,141.27000427246094,143.75,82516700
2020-03-25 00:00:00+00:00,141.19273376464844,146.9199981689453,154.3300018310547,144.44000244140625,148.91000366210938,75638200
2020-03-26 00:00:00+00:00,150.02450561523438,156.11000061035156,156.66000366210938,148.3699951171875,148.39999389648438,64568100
2020-03-27 00:00:00+00:00,143.86436462402344,149.6999969482422,154.88999938964844,149.1999969482422,151.75,57042300
2020-03-30 00:00:00+00:00,153.98385620117188,160.22999572753906,160.60000610351562,150.00999450683594,152.44000244140625,63420300
2020-03-31 00:00:00+00:00,151.56211853027344,157.7100067138672,164.77999877929688,156.55999755859375,159.39999389648438,77927200
2020-04-01 00:00:00+00:00,146.180419921875,152.11000061035156,157.75,150.82000732421875,153.0,57969900
2020-04-02 00:00:00+00:00,149.2075958251953,155.25999450683594,155.47999572753906,150.36000061035156,151.86000061035156,49630700
2020-04-03 00:00:00+00:00,147.83335876464844,153.8300018310547,157.3800048828125,152.19000244140625,155.10000610351562,41243300
2020-04-06 00:00:00+00:00,158.82737731933594,165.27000427246094,166.5,157.5800018310547,160.32000732421875,67111700
2020-04-07 00:00:00+00:00,157.11680603027344,163.49000549316406,170.0,163.25999450683594,169.58999633789062,62769000
2020-04-08 00:00:00+00:00,158.69287109375,165.1300048828125,166.6699981689453,163.5,165.6699981689453,48318200
2020-04-09 00:00:00+00:00,158.7024688720703,165.13999938964844,167.3699951171875,163.3300018310547,166.36000061035156,51385100
2020-04-13 00:00:00+00:00,159.05801391601562,165.50999450683594,165.57000732421875,162.3000030517578,164.35000610351562,41905300
2020-04-14 00:00:00+00:00,166.9287872314453,173.6999969482422,173.75,168.0,169.0,52874300
2020-04-15 00:00:00+00:00,165.1797637939453,171.8800048828125,173.57000732421875,169.24000549316406,171.1999969482422,40940800
2020-04-16 00:00:00+00:00,170.13858032226562,177.0399932861328,177.27999877929688,172.89999389648438,174.3000030517578,50479600
2020-04-17 00:00:00+00:00,171.63780212402344,178.60000610351562,180.0,175.8699951171875,179.5,52765600
2020-04-20 00:00:00+00:00,168.23577880859375,175.05999755859375,178.75,174.99000549316406,176.6300048828125,36669600
2020-04-21 00:00:00+00:00,161.27804565429688,167.82000732421875,173.6699981689453,166.11000061035156,173.5,56203700
2020-04-22 00:00:00+00:00,166.75579833984375,173.52000427246094,174.0,170.82000732421875,171.38999938964844,34620200
2020-04-23 00:00:00+00:00,164.73765563964844,171.4199981689453,175.05999755859375,170.91000366210938,174.11000061035156,32790800
2020-04-24 00:00:00+00:00,167.7456817626953,174.5500030517578,174.55999755859375,170.7100067138672,172.05999755859375,34277600
2020-04-27 00:00:00+00:00,167.26512145996094,174.0500030517578,176.89999389648438,173.3000030517578,176.58999633789062,33194400
2020-04-28 00:00:00+00:00,163.19044494628906,169.80999755859375,175.6699981689453,169.38999938964844,175.58999633789062,34392700
2020-04-29 00:00:00+00:00,170.5133819580078,177.42999267578125,177.67999267578125,171.8800048828125,173.22000122070312,51286600
2020-04-30 00:00:00+00:00,172.22398376464844,179.2100067138672,180.39999389648438,176.22999572753906,180.0,53875900
2020-05-01 00:00:00+00:00,167.76487731933594,174.57000732421875,178.63999938964844,174.00999450683594,175.8000030517578,39370500
2020-05-04 00:00:00+00:00,171.86842346191406,178.83999633789062,179.0,173.8000030517578,174.49000549316406,30372900
2020-05-05 00:00:00+00:00,173.71356201171875,180.75999450683594,183.64999389648438,179.89999389648438,180.6199951171875,36839200
2020-05-06 00:00:00+00:00,175.4241485595703,182.5399932861328,184.1999969482422,181.6300048828125,182.0800018310547,32139300
2020-05-07 00:00:00+00:00,176.44287109375,183.60000610351562,184.5500030517578,182.5800018310547,184.1699981689453,28316000
2020-05-08 00:00:00+00:00,177.480712890625,184.67999267578125,185.0,183.36000061035156,184.97999572753906,30877800
2020-05-11 00:00:00+00:00,179.46044921875,186.74000549316406,187.50999450683594,182.85000610351562,183.14999389648438,30892700
2020-05-12 00:00:00+00:00,175.39532470703125,182.50999450683594,187.0399932861328,182.3000030517578,186.8000030517578,32038200
2020-05-13 00:00:00+00:00,172.74293518066406,179.75,184.0500030517578,176.5399932861328,182.5500030517578,44711500
2020-05-14 00:00:00+00:00,173.4925079345703,180.52999877929688,180.69000244140625,175.67999267578125,177.5399932861328,41873900
2020-05-15 00:00:00+00:00,176.02001953125,183.16000366210938,187.05999755859375,177.0,179.05999755859375,46610400
2020-05-18 00:00:00+00:00,177.7017822265625,184.91000366210938,186.1999969482422,183.9600067138672,185.75,35264500
2020-05-19 00:00:00+00:00,176.4716796875,183.6300048828125,186.60000610351562,183.49000549316406,185.02999877929688,26799100
2020-05-20 00:00:00+00:00,178.91946411132812,185.66000366210938,185.85000610351562,183.94000244140625,184.80999755859375,31261300
2020-05-21 00:00:00+00:00,176.77044677734375,183.42999267578125,186.6699981689453,183.2899932861328,185.39999389648438,29119500
2020-05-22 00:00:00+00:00,176.8475341796875,183.50999450683594,184.4600067138672,182.5399932861328,183.19000244140625,20826900
2020-05-26 00:00:00+00:00,174.97796630859375,181.57000732421875,186.5,181.10000610351562,186.33999633789062,36073600
2020-05-27 00:00:00+00:00,175.20925903320312,181.80999755859375,181.99000549316406,176.60000610351562,180.1999969482422,39517100
2020-05-28 00:00:00+00:00,174.8141326904297,181.39999389648438,184.14999389648438,180.3800048828125,180.74000549316406,33810200
2020-05-29 00:00:00+00:00,176.59695434570312,183.25,184.27000427246094,180.41000366210938,182.72999572753906,42130400
2020-06-01 00:00:00+00:00,176.19224548339844,182.8300018310547,183.0,181.4600067138672,182.5399932861328,22622400
2020-06-02 00:00:00+00:00,178.19667053222656,184.91000366210938,185.0,181.35000610351562,184.25,30794600
2020-06-03 00:00:00+00:00,178.63038635253906,185.36000061035156,185.94000244140625,183.5800018310547,184.82000732421875,27311000
2020-06-04 00:00:00+00:00,176.27894592285156,182.9199981689453,185.83999633789062,182.3000030517578,184.3000030517578,28761800
2020-06-05 00:00:00+00:00,180.40357971191406,187.1999969482422,187.72999572753906,182.00999450683594,182.6199951171875,39893600
2020-06-08 00:00:00+00:00,181.52145385742188,188.36000061035156,188.5500030517578,184.44000244140625,185.94000244140625,33211600
2020-06-09 00:00:00+00:00,182.9091796875,189.8000030517578,190.6999969482422,187.25999450683594,188.0,29783900
2020-06-10 00:00:00+00:00,189.6935577392578,196.83999633789062,198.52000427246094,191.00999450683594,191.1300048828125,43872300
2020-06-11 00:00:00+00:00,179.50738525390625,186.27000427246094,195.75999450683594,186.07000732421875,193.1300048828125,52854700
2020-06-12 00:00:00+00:00,180.92396545410156,187.74000549316406,191.72000122070312,185.17999267578125,190.5399932861328,43373600
2020-06-15 00:00:00+00:00,182.0803680419922,188.94000244140625,190.82000732421875,184.00999450683594,184.5800018310547,32770200
2020-06-16 00:00:00+00:00,186.54229736328125,193.57000732421875,195.5800018310547,191.4600067138672,192.88999938964844,42556700
2020-06-17 00:00:00+00:00,187.18800354003906,194.24000549316406,196.32000732421875,193.69000244140625,195.02999877929688,25687800
2020-06-18 00:00:00+00:00,189.19247436523438,196.32000732421875,196.49000549316406,194.0,194.0,23061600
2020-06-19 00:00:00+00:00,188.06491088867188,195.14999389648438,199.2899932861328,194.3699951171875,198.58999633789062,44441100
2020-06-22 00:00:00+00:00,193.28814697265625,200.57000732421875,200.75999450683594,195.22999572753906,195.7899932861328,32818900
2020-06-23 00:00:00+00:00,194.57949829101562,201.91000366210938,203.9499969482422,201.42999267578125,202.08999633789062,30917400
2020-06-24 00:00:00+00:00,190.6573028564453,197.83999633789062,203.25,196.55999755859375,201.60000610351562,36740600
2020-06-25 00:00:00+00:00,193.06651306152344,200.33999633789062,200.61000061035156,195.47000122070312,197.8000030517578,27803900
2020-06-26 00:00:00+00:00,189.20208740234375,196.3300018310547,199.88999938964844,194.8800048828125,199.72999572753906,54675800
2020-06-29 00:00:00+00:00,191.23545837402344,198.44000244140625,198.52999877929688,193.5500030517578,195.77999877929688,26701600
2020-06-30 00:00:00+00:00,196.1213836669922,203.50999450683594,204.39999389648438,197.74000549316406,197.8800048828125,34310300
2020-07-01 00:00:00+00:00,197.2681884765625,204.6999969482422,206.35000610351562,201.77000427246094,203.13999938964844,32061200
2020-07-02 00:00:00+00:00,198.77159118652344,206.25999450683594,208.02000427246094,205.0,205.67999267578125,29315800
2020-07-06 00:00:00+00:00,203.05038452148438,210.6999969482422,211.1300048828125,208.08999633789062,208.8300018310547,31897600
2020-07-07 00:00:00+00:00,200.68931579589844,208.25,214.6699981689453,207.99000549316406,210.4499969482422,33600700
2020-07-08 00:00:00+00:00,205.10302734375,212.8300018310547,213.25999450683594,208.69000244140625,210.07000732421875,33600000
2020-07-09 00:00:00+00:00,206.53895568847656,214.32000732421875,216.3800048828125,211.47000122070312,216.3300018310547,33121700
2020-07-10 00:00:00+00:00,205.9125518798828,213.6699981689453,214.0800018310547,211.0800018310547,213.6199951171875,26177600
2020-07-13 00:00:00+00:00,199.5522003173828,207.07000732421875,215.8000030517578,206.5,214.47999572753906,38135600
2020-07-14 00:00:00+00:00,200.78570556640625,208.35000610351562,208.85000610351562,202.02999877929688,206.1300048828125,37591800
2020-07-15 00:00:00+00:00,200.48692321777344,208.0399932861328,211.3300018310547,205.02999877929688,209.55999755859375,32179400
2020-07-16 00:00:00+00:00,196.51651000976562,203.9199981689453,205.6999969482422,202.30999755859375,205.39999389648438,29940700
2020-07-17 00:00:00+00:00,195.51429748535156,202.8800048828125,205.0399932861328,201.38999938964844,204.47000122070312,31635300
2020-07-20 00:00:00+00:00,203.91770935058594,211.60000610351562,212.3000030517578,203.00999450683594,205.0,36884800
2020-07-21 00:00:00+00:00,201.17120361328125,208.75,213.94000244140625,208.02999877929688,213.66000366210938,37990400
2020-07-22 00:00:00+00:00,204.062255859375,211.75,212.3000030517578,208.38999938964844,209.1999969482422,49605700
2020-07-23 00:00:00+00:00,195.18663024902344,202.5399932861328,210.9199981689453,202.14999389648438,207.19000244140625,67457000
2020-07-24 00:00:00+00:00,193.99163818359375,201.3000030517578,202.86000061035156,197.50999450683594,200.4199981689453,39827000
2020-07-27 00:00:00+00:00,196.44908142089844,203.85000610351562,203.97000122070312,200.86000061035156,201.47000122070312,30160900
2020-07-28 00:00:00+00:00,194.6855010986328,202.02000427246094,204.6999969482422,201.74000549316406,203.61000061035156,23251400
2020-07-29 00:00:00+00:00,196.65142822265625,204.05999755859375,204.64999389648438,202.00999450683594,202.5,19632600
2020-07-30 00:00:00+00:00,196.4972686767578,203.89999389648438,204.4600067138672,199.57000732421875,201.0,25079600
2020-07-31 00:00:00+00:00,197.56695556640625,205.00999450683594,205.10000610351562,199.00999450683594,204.39999389648438,51044000
2020-08-03 00:00:00+00:00,208.67837524414062,216.5399932861328,217.63999938964844,210.44000244140625,211.52000427246094,78983000
2020-08-04 00:00:00+00:00,205.54637145996094,213.2899932861328,214.77000427246094,210.30999755859375,214.1699981689453,49280100
2020-08-05 00:00:00+00:00,205.20904541015625,212.94000244140625,215.0,211.57000732421875,214.89999389648438,28806400
2020-08-06 00:00:00+00:00,208.4952392578125,216.35000610351562,216.3699951171875,211.5500030517578,212.33999633789062,32656800
2020-08-07 00:00:00+00:00,204.7657470703125,212.47999572753906,215.6999969482422,210.92999267578125,214.85000610351562,27820400
2020-08-10 00:00:00+00:00,200.68931579589844,208.25,211.8800048828125,206.35000610351562,211.6699981689453,36716500
2020-08-11 00:00:00+00:00,195.9961700439453,203.3800048828125,207.64999389648438,203.13999938964844,207.16000366210938,36446500
2020-08-12 00:00:00+00:00,201.59519958496094,209.19000244140625,210.27999877929688,204.75,205.2899932861328,28013100
2020-08-13 00:00:00+00:00,201.1230010986328,208.6999969482422,211.35000610351562,208.14999389648438,209.44000244140625,22588900
2020-08-14 00:00:00+00:00,201.31573486328125,208.89999389648438,209.58999633789062,207.50999450683594,208.75999450683594,17958900
2020-08-17 00:00:00+00:00,202.64566040039062,210.27999877929688,211.19000244140625,208.9199981689453,209.60000610351562,20184800
2020-08-18 00:00:00+00:00,203.8116912841797,211.49000549316406,212.36000061035156,209.2100067138672,210.52999877929688,21336200
2020-08-19 00:00:00+00:00,202.57518005371094,209.6999969482422,212.10000610351562,209.25,211.49000549316406,27627600
2020-08-20 00:00:00+00:00,207.28939819335938,214.5800018310547,215.0,208.91000366210938,209.5399932861328,26981500
2020-08-21 00:00:00+00:00,205.78240966796875,213.02000427246094,216.25,212.85000610351562,213.86000061035156,36249300
2020-08-24 00:00:00+00:00,206.42959594726562,213.69000244140625,215.52000427246094,212.42999267578125,214.7899932861328,25460100
2020-08-25 00:00:00+00:00,209.1151580810547,216.47000122070312,216.61000061035156,213.10000610351562,213.10000610351562,23043700
2020-08-26 00:00:00+00:00,213.6361541748047,221.14999389648438,222.08999633789062,217.36000061035156,217.8800048828125,39600800
2020-08-27 00:00:00+00:00,218.8816680908203,226.5800018310547,231.14999389648438,219.39999389648438,222.88999938964844,57602200
2020-08-28 00:00:00+00:00,221.13253784179688,228.91000366210938,230.63999938964844,226.5800018310547,228.17999267578125,26292900
2020-08-31 00:00:00+00:00,217.86737060546875,225.52999877929688,228.6999969482422,224.30999755859375,227.0,28774200
2020-09-01 00:00:00+00:00,219.54820251464844,227.27000427246094,227.4499969482422,224.42999267578125,225.50999450683594,25725500
2020-09-02 00:00:00+00:00,223.7794189453125,231.64999389648438,232.86000061035156,227.35000610351562,227.97000122070312,34080800
2020-09-03 00:00:00+00:00,209.91697692871094,217.3000030517578,229.30999755859375,214.9600067138672,229.27000427246094,58400300
2020-09-04 00:00:00+00:00,206.97061157226562,214.25,218.36000061035156,205.19000244140625,215.10000610351562,59664100
2020-09-08 00:00:00+00:00,195.77439880371094,202.66000366210938,210.02999877929688,202.1999969482422,206.5,52924300
2020-09-09 00:00:00+00:00,204.1112060546875,211.2899932861328,214.83999633789062,206.6999969482422,207.60000610351562,45679000
2020-09-10 00:00:00+00:00,198.39230346679688,205.3699951171875,214.74000549316406,204.11000061035156,213.39999389648438,35461500
2020-09-11 00:00:00+00:00,197.09783935546875,204.02999877929688,208.6300048828125,201.24000549316406,207.1999969482422,33620100
2020-09-14 00:00:00+00:00,198.4309539794922,205.41000366210938,209.1999969482422,204.02999877929688,204.24000549316406,30375800
2020-09-15 00:00:00+00:00,201.6864471435547,208.77999877929688,209.77999877929688,206.92999267578125,208.4199981689453,21823900
2020-09-16 00:00:00+00:00,198.0831756591797,205.0500030517578,210.64999389648438,204.63999938964844,210.6199951171875,26328100
2020-09-17 00:00:00+00:00,196.01589965820312,202.91000366210938,204.3300018310547,199.9600067138672,200.0500030517578,34011300
2020-09-18 00:00:00+00:00,193.58151245117188,200.38999938964844,203.64999389648438,196.25,202.8000030517578,55225300
2020-09-21 00:00:00+00:00,195.65846252441406,202.5399932861328,202.7100067138672,196.3800048828125,197.19000244140625,39839700
2020-09-22 00:00:00+00:00,200.37265014648438,207.4199981689453,208.10000610351562,202.0800018310547,205.05999755859375,33517100
2020-09-23 00:00:00+00:00,193.7747039794922,200.58999633789062,208.10000610351562,200.02999877929688,207.89999389648438,30803800
2020-09-24 00:00:00+00:00,196.286376953125,203.19000244140625,205.57000732421875,199.1999969482422,199.85000610351562,31202500
2020-09-25 00:00:00+00:00,200.75906372070312,207.82000732421875,209.0399932861328,202.5399932861328,203.5500030517578,29437300
2020-09-28 00:00:00+00:00,202.32403564453125,209.44000244140625,212.57000732421875,208.05999755859375,210.8800048828125,32004900
2020-09-29 00:00:00+00:00,200.21807861328125,207.25999450683594,210.07000732421875,206.80999755859375,209.35000610351562,24221900
2020-09-30 00:00:00+00:00,203.18377685546875,210.3300018310547,211.97999572753906,206.5399932861328,207.72999572753906,33829100
2020-10-01 00:00:00+00:00,205.24142456054688,212.4600067138672,213.99000549316406,211.32000732421875,213.49000549316406,27158400
2020-10-02 00:00:00+00:00,199.1844482421875,206.19000244140625,210.99000549316406,205.5399932861328,208.0,33154800
2020-10-05 00:00:00+00:00,203.2321319580078,210.3800048828125,210.41000366210938,206.97999572753906,207.22000122070312,21331600
2020-10-06 00:00:00+00:00,198.91395568847656,205.91000366210938,210.17999267578125,204.82000732421875,208.82000732421875,28554300
2020-10-07 00:00:00+00:00,202.70077514648438,209.8300018310547,210.11000061035156,206.72000122070312,207.05999755859375,25681100
2020-10-08 00:00:00+00:00,203.42529296875,210.5800018310547,211.19000244140625,208.32000732421875,210.50999450683594,19925800
2020-10-09 00:00:00+00:00,208.4775848388672,215.80999755859375,215.86000061035156,211.22999572753906,211.22999572753906,26458000
2020-10-12 00:00:00+00:00,213.87767028808594,221.39999389648438,223.86000061035156,216.80999755859375,218.7899932861328,40461400
2020-10-13 00:00:00+00:00,215.28807067871094,222.86000061035156,225.2100067138672,220.42999267578125,222.72000122070312,28950800
2020-10-14 00:00:00+00:00,213.3560028076172,220.86000061035156,224.22000122070312,219.1300048828125,223.0,23421700
2020-10-15 00:00:00+00:00,212.19676208496094,219.66000366210938,220.36000061035156,216.00999450683594,217.10000610351562,22733100
2020-10-16 00:00:00+00:00,212.19676208496094,219.66000366210938,222.2899932861328,219.32000732421875,220.14999389648438,26057900
2020-10-19 00:00:00+00:00,206.94163513183594,214.22000122070312,222.3000030517578,213.72000122070312,220.4199981689453,27625800
2020-10-20 00:00:00+00:00,207.3570098876953,214.64999389648438,217.3699951171875,213.08999633789062,215.8000030517578,22753500
2020-10-21 00:00:00+00:00,207.50192260742188,214.8000030517578,216.9199981689453,213.1199951171875,213.1199951171875,22724900
2020-10-22 00:00:00+00:00,207.58885192871094,214.88999938964844,216.05999755859375,211.6999969482422,213.92999267578125,22351500
2020-10-23 00:00:00+00:00,208.8833465576172,216.22999572753906,216.27999877929688,213.16000366210938,215.02999877929688,18879600
2020-10-26 00:00:00+00:00,202.94227600097656,210.0800018310547,216.33999633789062,208.10000610351562,213.85000610351562,37111600
2020-10-27 00:00:00+00:00,206.0045623779297,213.25,214.6699981689453,210.3300018310547,211.58999633789062,36700300
2020-10-28 00:00:00+00:00,195.79371643066406,202.67999267578125,208.83999633789062,202.10000610351562,207.6699981689453,51195600
2020-10-29 00:00:00+00:00,197.76438903808594,204.72000122070312,207.36000061035156,203.3699951171875,204.07000732421875,31432600
2020-10-30 00:00:00+00:00,195.5908660888672,202.47000122070312,204.2899932861328,199.6199951171875,203.5,36953700
2020-11-02 00:00:00+00:00,195.45559692382812,202.3300018310547,205.27999877929688,200.1199951171875,204.2899932861328,30842200
2020-11-03 00:00:00+00:00,199.41629028320312,206.42999267578125,208.1199951171875,203.1199951171875,203.88999938964844,27512000
2020-11-04 00:00:00+00:00,209.03790283203125,216.38999938964844,218.32000732421875,212.4199981689453,214.02000427246094,42311800
2020-11-05 00:00:00+00:00,215.7034149169922,223.2899932861328,224.1199951171875,221.14999389648438,222.0399932861328,36080100
2020-11-06 00:00:00+00:00,216.11883544921875,223.72000122070312,224.36000061035156,218.02999877929688,222.25999450683594,25231900
2020-11-09 00:00:00+00:00,210.96994018554688,218.38999938964844,228.1199951171875,217.8800048828125,224.44000244140625,44395000
2020-11-10 00:00:00+00:00,203.84068298339844,211.00999450683594,216.5,209.72000122070312,214.5,44045100
2020-11-11 00:00:00+00:00,209.1924591064453,216.5500030517578,218.0399932861328,212.1999969482422,212.38999938964844,29440800
2020-11-12 00:00:00+00:00,208.12017822265625,215.44000244140625,219.11000061035156,214.4600067138672,217.2100067138672,21593900
2020-11-13 00:00:00+00:00,209.15380859375,216.50999450683594,217.4199981689453,214.16000366210938,216.36000061035156,18621100
2020-11-16 00:00:00+00:00,209.84933471679688,217.22999572753906,217.74000549316406,214.52000427246094,214.8699951171875,24953300
2020-11-17 00:00:00+00:00,207.17349243164062,214.4600067138672,217.67999267578125,214.0800018310547,216.10000610351562,24154100
2020-11-18 00:00:00+00:00,204.442138671875,211.0800018310547,215.1699981689453,210.92999267578125,213.64999389648438,28372800
2020-11-19 00:00:00+00:00,205.739990234375,212.4199981689453,213.02999877929688,209.92999267578125,211.3800048828125,24792700
2020-11-20 00:00:00+00:00,203.7738494873047,210.38999938964844,213.2899932861328,210.0,212.1999969482422,22843100
2020-11-23 00:00:00+00:00,203.50267028808594,210.11000061035156,212.2899932861328,208.16000366210938,210.9499969482422,25683500
2020-11-24 00:00:00+00:00,207.13470458984375,213.86000061035156,214.25,208.86000061035156,209.58999633789062,33979700
2020-11-25 00:00:00+00:00,207.14439392089844,213.8699951171875,215.2899932861328,212.4600067138672,215.11000061035156,21012900
2020-11-27 00:00:00+00:00,208.4616241455078,215.22999572753906,216.27000427246094,214.0399932861328,214.85000610351562,14512200
2020-11-30 00:00:00+00:00,207.33815002441406,214.07000732421875,214.75999450683594,210.83999633789062,214.10000610351562,33064800
2020-12-01 00:00:00+00:00,209.4108428955078,216.2100067138672,217.32000732421875,213.35000610351562,214.50999450683594,30904500
2020-12-02 00:00:00+00:00,208.59722900390625,215.3699951171875,215.47000122070312,212.8000030517578,214.8800048828125,23724500
2020-12-03 00:00:00+00:00,207.50277709960938,214.24000549316406,216.3800048828125,213.64999389648438,214.61000061035156,25120900
2020-12-04 00:00:00+00:00,207.6190185546875,214.36000061035156,215.3800048828125,213.17999267578125,214.22000122070312,24666000
2020-12-07 00:00:00+00:00,207.55117797851562,214.2899932861328,215.5399932861328,212.99000549316406,214.3699951171875,24620000
2020-12-08 00:00:00+00:00,209.21710205078125,216.00999450683594,216.9499969482422,212.88999938964844,213.97000122070312,23284100
2020-12-09 00:00:00+00:00,205.13949584960938,211.8000030517578,215.22999572753906,211.2100067138672,215.16000366210938,32440600
2020-12-10 00:00:00+00:00,203.89974975585938,210.52000427246094,213.0800018310547,210.36000061035156,211.77000427246094,26733300
2020-12-11 00:00:00+00:00,206.5535888671875,213.25999450683594,213.32000732421875,209.11000061035156,210.0500030517578,30979400
2020-12-14 00:00:00+00:00,207.4640350341797,214.1999969482422,216.2100067138672,212.8800048828125,213.10000610351562,28798400
2020-12-15 00:00:00+00:00,207.39620971679688,214.1300048828125,215.4199981689453,212.24000549316406,215.1699981689453,27000600
2020-12-16 00:00:00+00:00,212.38429260253906,219.27999877929688,220.11000061035156,214.72000122070312,214.75,35023300
2020-12-17 00:00:00+00:00,212.5198974609375,219.4199981689453,220.88999938964844,217.9199981689453,219.8699951171875,32515800
2020-12-18 00:00:00+00:00,211.7159881591797,218.58999633789062,219.69000244140625,216.02000427246094,218.58999633789062,63354900
2020-12-21 00:00:00+00:00,215.5902099609375,222.58999633789062,224.0,217.27999877929688,217.5500030517578,37181900
2020-12-22 00:00:00+00:00,216.89773559570312,223.94000244140625,225.6300048828125,221.85000610351562,222.69000244140625,22612200
2020-12-23 00:00:00+00:00,214.069580078125,221.02000427246094,223.55999755859375,220.8000030517578,223.11000061035156,18699600
2020-12-24 00:00:00+00:00,215.74513244628906,222.75,223.61000061035156,221.1999969482422,221.4199981689453,10550600
2020-12-28 00:00:00+00:00,217.8856658935547,224.9600067138672,226.02999877929688,223.02000427246094,224.4499969482422,17933500
2020-12-29 00:00:00+00:00,217.10113525390625,224.14999389648438,227.17999267578125,223.5800018310547,226.30999755859375,17403200
2020-12-30 00:00:00+00:00,214.70880126953125,221.67999267578125,225.6300048828125,221.47000122070312,225.22999572753906,20272300
2020-12-31 00:00:00+00:00,215.42555236816406,222.4199981689453,223.0,219.67999267578125,221.6999969482422,20942100
2021-01-04 00:00:00+00:00,210.8442840576172,217.69000244140625,223.0,214.80999755859375,222.52999877929688,37130100
2021-01-05 00:00:00+00:00,211.0476837158203,217.89999389648438,218.52000427246094,215.6999969482422,217.25999450683594,23823000
2021-01-06 00:00:00+00:00,205.57534790039062,212.25,216.49000549316406,211.94000244140625,212.1699981689453,35930700
2021-01-07 00:00:00+00:00,211.4254150390625,218.2899932861328,219.33999633789062,213.7100067138672,214.0399932861328,27694500
2021-01-08 00:00:00+00:00,212.71359252929688,219.6199951171875,220.5800018310547,217.02999877929688,218.67999267578125,22956200
2021-01-11 00:00:00+00:00,210.6505584716797,217.49000549316406,218.91000366210938,216.72999572753906,218.47000122070312,23031300
2021-01-12 00:00:00+00:00,208.17108154296875,214.92999267578125,217.10000610351562,213.32000732421875,216.5,23249300
2021-01-13 00:00:00+00:00,209.5367431640625,216.33999633789062,216.75999450683594,213.92999267578125,214.02000427246094,20087100
2021-01-14 00:00:00+00:00,206.3211212158203,213.02000427246094,217.4600067138672,212.74000549316406,215.91000366210938,29480800
2021-01-15 00:00:00+00:00,205.9627685546875,212.64999389648438,214.50999450683594,212.02999877929688,213.52000427246094,31746500
2021-01-19 00:00:00+00:00,209.63360595703125,216.44000244140625,216.97999572753906,212.6300048828125,213.75,30480900
2021-01-20 00:00:00+00:00,217.28515625,224.33999633789062,225.7899932861328,217.2899932861328,217.6999969482422,37777300
2021-01-21 00:00:00+00:00,217.8953399658203,224.97000122070312,226.3000030517578,222.4199981689453,224.6999969482422,30709400
2021-01-22 00:00:00+00:00,218.84451293945312,225.9499969482422,230.07000732421875,225.8000030517578,227.0800018310547,30172700
2021-01-25 00:00:00+00:00,222.31192016601562,229.52999877929688,229.77999877929688,224.22000122070312,229.1199951171875,33152100
2021-01-26 00:00:00+00:00,225.02391052246094,232.3300018310547,234.17999267578125,230.0800018310547,231.86000061035156,49169600
2021-01-27 00:00:00+00:00,225.57598876953125,232.89999389648438,240.44000244140625,230.13999938964844,238.0,69870600
2021-01-28 00:00:00+00:00,231.4163360595703,238.92999267578125,242.63999938964844,235.08999633789062,235.61000061035156,49111200
2021-01-29 00:00:00+00:00,224.66555786132812,231.9600067138672,238.02000427246094,231.35000610351562,235.99000549316406,42503100
2021-02-01 00:00:00+00:00,232.11366271972656,239.64999389648438,242.5,232.42999267578125,235.05999755859375,33314200
2021-02-02 00:00:00+00:00,231.9781036376953,239.50999450683594,242.30999755859375,238.69000244140625,241.3000030517578,25916300
2021-02-03 00:00:00+00:00,235.35836791992188,243.0,245.08999633789062,239.25999450683594,239.57000732421875,27158100
2021-02-04 00:00:00+00:00,234.3994903564453,242.00999450683594,243.24000549316406,240.3699951171875,242.66000366210938,25296100
2021-02-05 00:00:00+00:00,234.58349609375,242.1999969482422,243.27999877929688,240.4199981689453,242.22999572753906,18054800
2021-02-08 00:00:00+00:00,234.84503173828125,242.47000122070312,243.67999267578125,240.80999755859375,243.14999389648438,22211900
2021-02-09 00:00:00+00:00,236.1041717529297,243.77000427246094,244.75999450683594,241.3800048828125,241.8699951171875,23565000
2021-02-10 00:00:00+00:00,235.1840057373047,242.82000732421875,245.9199981689453,240.88999938964844,245.0,22186700
2021-02-11 00:00:00+00:00,236.801513671875,244.49000549316406,245.14999389648438,242.14999389648438,244.77999877929688,15751100
2021-02-12 00:00:00+00:00,237.28579711914062,244.99000549316406,245.3000030517578,242.72999572753906,243.92999267578125,16561100
2021-02-16 00:00:00+00:00,236.0363311767578,243.6999969482422,246.1300048828125,242.9199981689453,245.02999877929688,26728500
2021-02-17 00:00:00+00:00,237.06536865234375,244.1999969482422,244.30999755859375,240.94000244140625,241.32000732421875,21653500
2021-02-18 00:00:00+00:00,236.66732788085938,243.7899932861328,243.92999267578125,240.86000061035156,241.8000030517578,16925600
2021-02-19 00:00:00+00:00,233.92974853515625,240.97000122070312,243.86000061035156,240.17999267578125,243.75,25262600
2021-02-22 00:00:00+00:00,227.658447265625,234.50999450683594,237.92999267578125,232.39999389648438,237.4199981689453,36446900
2021-02-23 00:00:00+00:00,226.45468139648438,233.27000427246094,234.8300018310547,228.72999572753906,230.3300018310547,30228700
2021-02-24 00:00:00+00:00,227.69732666015625,234.5500030517578,235.1999969482422,229.0,230.00999450683594,26339700
2021-02-25 00:00:00+00:00,222.29974365234375,228.99000549316406,234.58999633789062,227.8800048828125,232.0800018310547,39542200
2021-02-26 00:00:00+00:00,225.5906982421875,232.3800048828125,235.3699951171875,229.5399932861328,231.52999877929688,37819200
2021-03-01 00:00:00+00:00,230.01747131347656,236.94000244140625,237.47000122070312,233.14999389648438,235.89999389648438,25324000
2021-03-02 00:00:00+00:00,227.03720092773438,233.8699951171875,237.3000030517578,233.4499969482422,237.00999450683594,22812500
2021-03-03 00:00:00+00:00,220.91151428222656,227.55999755859375,233.5800018310547,227.25999450683594,232.16000366210938,34029500
2021-03-04 00:00:00+00:00,220.1057891845703,226.72999572753906,232.49000549316406,224.25999450683594,226.74000549316406,44727800
2021-03-05 00:00:00+00:00,224.83349609375,231.60000610351562,233.27000427246094,226.4600067138672,229.52000427246094,41872800
2021-03-08 00:00:00+00:00,220.74649047851562,227.38999938964844,233.3699951171875,227.1300048828125,231.3699951171875,35267400
2021-03-09 00:00:00+00:00,226.9497833251953,233.77999877929688,235.3800048828125,231.6699981689453,232.8800048828125,33080500
2021-03-10 00:00:00+00:00,225.62953186035156,232.4199981689453,237.0,232.0399932861328,237.0,29746800
2021-03-11 00:00:00+00:00,230.20193481445312,237.1300048828125,239.1699981689453,234.30999755859375,234.9600067138672,29907600
2021-03-12 00:00:00+00:00,228.86221313476562,235.75,235.82000732421875,233.22999572753906,234.00999450683594,22653700
2021-03-15 00:00:00+00:00,227.9496612548828,234.80999755859375,235.19000244140625,231.80999755859375,234.9600067138672,26034900
2021-03-16 00:00:00+00:00,230.76495361328125,237.7100067138672,240.05999755859375,235.94000244140625,236.27999877929688,28092200
2021-03-17 00:00:00+00:00,230.11456298828125,237.0399932861328,238.5500030517578,233.22999572753906,236.14999389648438,29562100
2021-03-18 00:00:00+00:00,223.97921752929688,230.72000122070312,234.19000244140625,230.3300018310547,232.55999755859375,34833000
2021-03-19 00:00:00+00:00,223.62002563476562,230.35000610351562,232.47000122070312,229.35000610351562,231.02000427246094,46430700
2021-03-22 00:00:00+00:00,229.0952606201172,235.99000549316406,236.89999389648438,230.13999938964844,230.27000427246094,30127000
2021-03-23 00:00:00+00:00,230.6387939453125,237.5800018310547,241.0500030517578,237.07000732421875,237.49000549316406,31638400
2021-03-24 00:00:00+00:00,228.5807342529297,235.4600067138672,238.0,235.32000732421875,237.85000610351562,25620100
2021-03-25 00:00:00+00:00,225.55189514160156,232.33999633789062,236.94000244140625,231.57000732421875,235.3000030517578,34061900
2021-03-26 00:00:00+00:00,229.57090759277344,236.47999572753906,236.7100067138672,231.5500030517578,231.5500030517578,25479900
2021-03-29 00:00:00+00:00,228.36715698242188,235.24000549316406,236.8000030517578,231.8800048828125,236.58999633789062,25227500
2021-03-30 00:00:00+00:00,225.07618713378906,231.85000610351562,233.85000610351562,231.10000610351562,233.52999877929688,24792000
2021-03-31 00:00:00+00:00,228.88169860839844,235.77000427246094,239.10000610351562,232.38999938964844,232.91000366210938,43623500
2021-04-01 00:00:00+00:00,235.26942443847656,242.35000610351562,242.83999633789062,238.0500030517578,238.47000122070312,30338000
2021-04-05 00:00:00+00:00,241.79310607910156,249.07000732421875,249.9600067138672,242.6999969482422,242.75999450683594,36910600
2021-04-06 00:00:00+00:00,240.61839294433594,247.86000061035156,249.39999389648438,246.8800048828125,247.61000061035156,22931900
2021-04-07 00:00:00+00:00,242.59881591796875,249.89999389648438,250.92999267578125,247.19000244140625,247.80999755859375,22719800
2021-04-08 00:00:00+00:00,245.85092163085938,253.25,254.13999938964844,252.0,252.77000427246094,23625200
2021-04-09 00:00:00+00:00,248.37498474121094,255.85000610351562,255.99000549316406,252.44000244140625,252.8699951171875,24326800
2021-04-12 00:00:00+00:00,248.43325805664062,255.91000366210938,257.6700134277344,254.6199951171875,254.7100067138672,27148700
2021-04-13 00:00:00+00:00,250.93788146972656,258.489990234375,259.19000244140625,256.8299865722656,257.260009765625,23837500
2021-04-14 00:00:00+00:00,248.12258911132812,255.58999633789062,258.8299865722656,255.16000366210938,257.4800109863281,23070900
2021-04-15 00:00:00+00:00,251.91836547851562,259.5,259.92999267578125,257.7300109863281,257.92999267578125,25627500
2021-04-16 00:00:00+00:00,253.12213134765625,260.739990234375,261.0,257.6000061035156,259.4700012207031,24878600
2021-04-19 00:00:00+00:00,251.18057250976562,258.739990234375,261.4800109863281,257.82000732421875,260.19000244140625,23209300
2021-04-20 00:00:00+00:00,250.71458435058594,258.260009765625,260.20001220703125,256.8399963378906,257.82000732421875,19722900
2021-04-21 00:00:00+00:00,252.9667510986328,260.5799865722656,260.67999267578125,257.25,258.94000244140625,24030400
2021-04-22 00:00:00+00:00,249.65643310546875,257.1700134277344,261.7799987792969,255.63999938964844,260.2099914550781,25606200
2021-04-23 00:00:00+00:00,253.5201416015625,261.1499938964844,261.510009765625,257.2699890136719,257.8800048828125,21462600
2021-04-26 00:00:00+00:00,253.90843200683594,261.54998779296875,262.44000244140625,260.1700134277344,261.6600036621094,19763300
2021-04-27 00:00:00+00:00,254.31622314453125,261.9700012207031,263.19000244140625,260.1199951171875,261.5799865722656,31014200
2021-04-28 00:00:00+00:00,247.1227264404297,254.55999755859375,256.5400085449219,252.9499969482422,256.0799865722656,46903100
2021-04-29 00:00:00+00:00,245.13258361816406,252.50999450683594,256.1000061035156,249.0,255.4600067138672,40589000
2021-04-30 00:00:00+00:00,244.8122100830078,252.17999267578125,253.0800018310547,249.60000610351562,249.74000549316406,30945100
2021-05-03 00:00:00+00:00,244.50157165527344,251.86000061035156,254.35000610351562,251.1199951171875,253.39999389648438,19626600
2021-05-04 00:00:00+00:00,240.55052185058594,247.7899932861328,251.2100067138672,245.75999450683594,250.97000122070312,32756100
2021-05-05 00:00:00+00:00,239.26905822753906,246.47000122070312,249.5,245.82000732421875,249.05999755859375,21901300
2021-05-06 00:00:00+00:00,242.4337921142578,249.72999572753906,249.86000061035156,244.69000244140625,246.4499969482422,26491100
2021-05-07 00:00:00+00:00,245.08407592773438,252.4600067138672,254.3000030517578,251.1699981689453,252.14999389648438,27032900
2021-05-10 00:00:00+00:00,239.95831298828125,247.17999267578125,251.72999572753906,247.1199951171875,250.8699951171875,29299900
2021-05-11 00:00:00+00:00,239.0360565185547,246.22999572753906,246.60000610351562,242.57000732421875,244.5500030517578,33641600
2021-05-12 00:00:00+00:00,232.0172882080078,239.0,244.3800048828125,238.07000732421875,242.1699981689453,36684400
2021-05-13 00:00:00+00:00,235.92953491210938,243.02999877929688,245.60000610351562,241.4199981689453,241.8000030517578,29624300
2021-05-14 00:00:00+00:00,240.89993286132812,248.14999389648438,249.17999267578125,245.49000549316406,245.5800018310547,23901100
2021-05-17 00:00:00+00:00,238.01673889160156,245.17999267578125,246.58999633789062,243.52000427246094,246.5500030517578,24970200
2021-05-18 00:00:00+00:00,235.9781036376953,243.0800018310547,246.41000366210938,242.89999389648438,246.27000427246094,20168000
2021-05-19 00:00:00+00:00,236.56190490722656,243.1199951171875,243.22999572753906,238.60000610351562,239.30999755859375,25739800
2021-05-20 00:00:00+00:00,239.83123779296875,246.47999572753906,247.9499969482422,243.86000061035156,243.9600067138672,21800700
2021-05-21 00:00:00+00:00,238.55661010742188,245.1699981689453,248.3300018310547,244.74000549316406,247.57000732421875,21863100
2021-05-24 00:00:00+00:00,244.0153045654297,250.77999877929688,251.16000366210938,247.50999450683594,247.7899932861328,21411500
2021-05-25 00:00:00+00:00,244.929931640625,251.72000122070312,252.75,250.82000732421875,251.77000427246094,17704300
2021-05-26 00:00:00+00:00,244.70614624023438,251.49000549316406,252.94000244140625,250.75,251.42999267578125,17771600
2021-05-27 00:00:00+00:00,242.58489990234375,249.30999755859375,251.47999572753906,249.25,251.1699981689453,24426200
2021-05-28 00:00:00+00:00,242.9449462890625,249.67999267578125,252.0800018310547,249.55999755859375,251.0,18270200
2021-06-01 00:00:00+00:00,240.7264404296875,247.39999389648438,251.2899932861328,246.9600067138672,251.22999572753906,23213300
2021-06-02 00:00:00+00:00,240.62916564941406,247.3000030517578,249.27000427246094,245.83999633789062,248.1300048828125,19406700
2021-06-03 00:00:00+00:00,239.08204650878906,245.7100067138672,246.33999633789062,243.0,245.22000122070312,25307700
2021-06-04 00:00:00+00:00,244.0250244140625,250.7899932861328,251.64999389648438,247.50999450683594,247.75999450683594,25281100
2021-06-07 00:00:00+00:00,246.96353149414062,253.80999755859375,254.08999633789062,249.80999755859375,249.97999572753906,23079200
2021-06-08 00:00:00+00:00,245.7570037841797,252.57000732421875,256.010009765625,252.50999450683594,255.16000366210938,22455000
2021-06-09 00:00:00+00:00,246.74948120117188,253.58999633789062,255.52999877929688,253.2100067138672,253.80999755859375,17937600
2021-06-10 00:00:00+00:00,250.30104064941406,257.239990234375,257.4599914550781,253.6699981689453,254.2899932861328,24563600
2021-06-11 00:00:00+00:00,250.9335174560547,257.8900146484375,258.489990234375,256.6099853515625,257.989990234375,18999700
2021-06-14 00:00:00+00:00,252.87954711914062,259.8900146484375,259.95001220703125,256.79998779296875,257.8999938964844,19150500
2021-06-15 00:00:00+00:00,251.3907928466797,258.3599853515625,259.989990234375,257.67999267578125,259.7699890136719,18038900
2021-06-16 00:00:00+00:00,250.43724060058594,257.3800048828125,260.5799865722656,254.4199981689453,259.3999938964844,27220000
2021-06-17 00:00:00+00:00,253.86231994628906,260.8999938964844,261.75,256.010009765625,256.07000732421875,27565500
2021-06-18 00:00:00+00:00,252.4319305419922,259.42999267578125,262.29998779296875,258.75,259.6300048828125,37202200
2021-06-21 00:00:00+00:00,255.54562377929688,262.6300048828125,263.5199890136719,257.9200134277344,259.82000732421875,26696100
2021-06-22 00:00:00+00:00,258.34796142578125,265.510009765625,265.7900085449219,262.3999938964844,262.7200012207031,24694100
2021-06-23 00:00:00+00:00,258.1144104003906,265.2699890136719,266.8299865722656,264.42999267578125,265.989990234375,19518700
2021-06-24 00:00:00+00:00,259.4961853027344,266.69000244140625,267.8500061035156,265.4700012207031,266.1600036621094,21446900
2021-06-25 00:00:00+00:00,257.87115478515625,265.0199890136719,267.25,264.760009765625,266.2300109863281,25611100
2021-06-28 00:00:00+00:00,261.4713439941406,268.7200012207031,268.8999938964844,265.9100036621094,266.19000244140625,19590000
2021-06-29 00:00:00+00:00,264.0791015625,271.3999938964844,271.6499938964844,267.9800109863281,268.8699951171875,19937800
2021-06-30 00:00:00+00:00,263.59246826171875,270.8999938964844,271.3599853515625,269.6000061035156,270.69000244140625,21656500
2021-07-01 00:00:00+00:00,264.27362060546875,271.6000061035156,271.8399963378906,269.6000061035156,269.6099853515625,16725300
2021-07-02 00:00:00+00:00,270.1604919433594,277.6499938964844,278.0,272.5,272.82000732421875,26458000
2021-07-06 00:00:00+00:00,270.17022705078125,277.6600036621094,279.3699951171875,274.29998779296875,278.0299987792969,31565600
2021-07-07 00:00:00+00:00,272.3789367675781,279.92999267578125,280.69000244140625,277.1499938964844,279.3999938964844,23260000
2021-07-08 00:00:00+00:00,269.93670654296875,277.4200134277344,278.7300109863281,274.8699951171875,276.8999938964844,24618600
2021-07-09 00:00:00+00:00,270.4425964355469,277.94000244140625,278.04998779296875,275.32000732421875,275.7200012207031,23916700
2021-07-12 00:00:00+00:00,269.83941650390625,277.32000732421875,279.7699890136719,276.5799865722656,279.1600036621094,18931700
2021-07-13 00:00:00+00:00,273.4006652832031,280.9800109863281,282.8500061035156,277.3900146484375,277.5199890136719,26120100
2021-07-14 00:00:00+00:00,274.8894348144531,282.510009765625,283.6600036621094,280.54998779296875,282.3500061035156,23113700
2021-07-15 00:00:00+00:00,273.4493103027344,281.0299987792969,282.510009765625,279.8299865722656,282.0,22604200
2021-07-16 00:00:00+00:00,273.17681884765625,280.75,284.1000061035156,279.4599914550781,282.07000732421875,26186800
2021-07-19 00:00:00+00:00,269.5377197265625,277.010009765625,280.3699951171875,274.45001220703125,278.92999267578125,32935600
2021-07-20 00:00:00+00:00,271.7854309082031,279.32000732421875,280.9700012207031,276.260009765625,278.0299987792969,26259700
2021-07-21 00:00:00+00:00,273.8092956542969,281.3999938964844,281.5199890136719,277.2900085449219,278.8999938964844,24364300
2021-07-22 00:00:00+00:00,278.42144775390625,286.1400146484375,286.4200134277344,283.4200134277344,283.8399963378906,23384100
2021-07-23 00:00:00+00:00,281.8562316894531,289.6700134277344,289.989990234375,286.5,287.3699951171875,22768100
2021-07-26 00:00:00+00:00,281.2528991699219,289.04998779296875,289.69000244140625,286.6400146484375,289.0,23176100
2021-07-27 00:00:00+00:00,278.8106994628906,286.5400085449219,289.5799865722656,282.95001220703125,289.42999267578125,33604100
2021-07-28 00:00:00+00:00,278.4992980957031,286.2200012207031,290.1499938964844,283.8299865722656,288.989990234375,33566900
2021-07-29 00:00:00+00:00,278.771728515625,286.5,288.6199951171875,286.0799865722656,286.239990234375,18168300
2021-07-30 00:00:00+00:00,277.224609375,284.9100036621094,286.6600036621094,283.9100036621094,285.1700134277344,20944800
2021-08-02 00:00:00+00:00,277.1369934082031,284.82000732421875,286.7699890136719,283.739990234375,286.3599853515625,16267400
2021-08-03 00:00:00+00:00,279.375,287.1199951171875,287.2300109863281,284.0,285.4200134277344,17879000
2021-08-04 00:00:00+00:00,278.7814636230469,286.510009765625,287.5899963378906,284.6499938964844,286.2200012207031,16191300
2021-08-05 00:00:00+00:00,281.7102966308594,289.5199890136719,289.6300048828125,286.1000061035156,286.8800048828125,13900200
2021-08-06 00:00:00+00:00,281.6518859863281,289.4599914550781,289.5,287.6199951171875,288.510009765625,16589300
2021-08-09 00:00:00+00:00,280.5523681640625,288.3299865722656,291.54998779296875,287.80999755859375,289.75,16117600
2021-08-10 00:00:00+00:00,278.71343994140625,286.44000244140625,289.25,285.20001220703125,288.79998779296875,18616600
2021-08-11 00:00:00+00:00,279.2096252441406,286.95001220703125,288.6600036621094,285.8599853515625,287.2099914550781,13955900
2021-08-12 00:00:00+00:00,281.9924011230469,289.80999755859375,289.9700012207031,286.3399963378906,286.6300048828125,14561300
2021-08-13 00:00:00+00:00,284.9504699707031,292.8500061035156,292.8999938964844,289.29998779296875,289.4800109863281,18249000
2021-08-16 00:00:00+00:00,286.65325927734375,294.6000061035156,294.82000732421875,290.0199890136719,293.19000244140625,22507600
2021-08-17 00:00:00+00:00,285.1742248535156,293.0799865722656,293.42999267578125,291.0799865722656,292.3900146484375,20075300
2021-08-18 00:00:00+00:00,283.4292297363281,290.7300109863281,294.82000732421875,290.2699890136719,292.0400085449219,21813000
2021-08-19 00:00:00+00:00,289.3175048828125,296.7699890136719,297.4700012207031,288.6400146484375,288.69000244140625,29850500
2021-08-20 00:00:00+00:00,296.71697998046875,304.3599853515625,305.8399963378906,298.05999755859375,299.7200012207031,40817600
2021-08-23 00:00:00+00:00,296.9996032714844,304.6499938964844,305.3999938964844,301.8500061035156,303.25,22830200
2021-08-24 00:00:00+00:00,295.0206604003906,302.6199951171875,305.6499938964844,302.0,305.0199890136719,18175800
2021-08-25 00:00:00+00:00,294.4259338378906,302.010009765625,304.5899963378906,300.4200134277344,304.29998779296875,20006100
2021-08-26 00:00:00+00:00,291.5792541503906,299.0899963378906,302.42999267578125,298.95001220703125,300.989990234375,17666100
2021-08-27 00:00:00+00:00,292.1934509277344,299.7200012207031,300.8699951171875,296.8299865722656,298.989990234375,22605700
2021-08-30 00:00:00+00:00,295.9662780761719,303.5899963378906,304.2200012207031,301.05999755859375,301.1199951171875,16348100
2021-08-31 00:00:00+00:00,294.2991943359375,301.8800048828125,304.5,301.5,304.4200134277344,26285300
2021-09-01 00:00:00+00:00,294.25042724609375,301.8299865722656,305.19000244140625,301.489990234375,302.8699951171875,18983800
2021-09-02 00:00:00+00:00,293.5875549316406,301.1499938964844,303.3599853515625,300.17999267578125,302.20001220703125,16285600
2021-09-03 00:00:00+00:00,293.5777587890625,301.1400146484375,302.6000061035156,300.260009765625,300.989990234375,14747900
2021-09-07 00:00:00+00:00,292.6418762207031,300.17999267578125,301.0899963378906,298.20001220703125,301.010009765625,17180400
2021-09-08 00:00:00+00:00,292.67108154296875,300.2099914550781,300.6099853515625,297.4700012207031,299.7799987792969,15046800
2021-09-09 00:00:00+00:00,289.7855224609375,297.25,302.1400146484375,297.0,300.82000732421875,19927000
2021-09-10 00:00:00+00:00,288.28411865234375,295.7099914550781,299.9200134277344,295.3800048828125,298.4200134277344,19633400
2021-09-13 00:00:00+00:00,289.5319519042969,296.989990234375,298.5400085449219,294.0799865722656,297.54998779296875,23652900
2021-09-14 00:00:00+00:00,292.2617492675781,299.7900085449219,301.3900146484375,298.1000061035156,299.55999755859375,21853400
2021-09-15 00:00:00+00:00,297.1654052734375,304.82000732421875,305.32000732421875,301.82000732421875,303.260009765625,28356300
2021-09-16 00:00:00+00:00,297.55535888671875,305.2200012207031,305.30999755859375,300.760009765625,303.760009765625,19550800
2021-09-17 00:00:00+00:00,292.33966064453125,299.8699951171875,304.5,299.5299987792969,304.1700134277344,41372500
2021-09-20 00:00:00+00:00,286.9095764160156,294.29998779296875,298.7200012207031,289.5199890136719,296.3299865722656,38278700
2021-09-21 00:00:00+00:00,287.39697265625,294.79998779296875,297.5400085449219,294.07000732421875,295.69000244140625,22364100
2021-09-22 00:00:00+00:00,291.08203125,298.5799865722656,300.2200012207031,294.510009765625,296.7300109863281,26626300
2021-09-23 00:00:00+00:00,292.03741455078125,299.55999755859375,300.8999938964844,297.5299987792969,298.8500061035156,18604600
2021-09-24 00:00:00+00:00,291.832763671875,299.3500061035156,299.79998779296875,296.92999267578125,298.2300109863281,14999000
2021-09-27 00:00:00+00:00,286.7828369140625,294.1700134277344,296.4700012207031,292.94000244140625,296.1400146484375,23571700
2021-09-28 00:00:00+00:00,276.4002380371094,283.5199890136719,290.7799987792969,282.75,289.79998779296875,43186200
2021-09-29 00:00:00+00:00,276.8681945800781,284.0,286.7699890136719,283.010009765625,285.1000061035156,26353700
2021-09-30 00:00:00+00:00,274.8404541015625,281.9200134277344,287.8299865722656,281.6199951171875,285.7099914550781,32343600
2021-10-01 00:00:00+00:00,281.8401794433594,289.1000061035156,289.9800109863281,281.2900085449219,282.1199951171875,30086300
2021-10-04 00:00:00+00:00,276.00054931640625,283.1099853515625,287.75,280.25,287.3999938964844,31350700
2021-10-05 00:00:00+00:00,281.5086975097656,288.760009765625,290.3999938964844,284.04998779296875,284.04998779296875,24993000
2021-10-06 00:00:00+00:00,285.74945068359375,293.1099853515625,293.6300048828125,285.510009765625,285.7799987792969,28002600
2021-10-07 00:00:00+00:00,287.4457702636719,294.8500061035156,296.6400146484375,293.9200134277344,295.17999267578125,20430500
2021-10-08 00:00:00+00:00,287.4457702636719,294.8500061035156,296.6400146484375,293.760009765625,296.2200012207031,17685700
2021-10-11 00:00:00+00:00,286.8413391113281,294.2300109863281,297.9700012207031,292.75,292.9200134277344,19298600
2021-10-12 00:00:00+00:00,285.5252685546875,292.8800048828125,295.44000244140625,292.3500061035156,295.3399963378906,17974100
2021-10-13 00:00:00+00:00,288.86907958984375,296.30999755859375,297.2799987792969,293.489990234375,294.9100036621094,23416300
2021-10-14 00:00:00+00:00,295.1473693847656,302.75,303.2699890136719,297.8299865722656,299.2099914550781,27262900
2021-10-15 00:00:00+00:00,296.5706787109375,304.2099914550781,304.45001220703125,300.5199890136719,302.3399963378906,25384800
2021-10-18 00:00:00+00:00,299.5733337402344,307.2900085449219,308.2099914550781,302.69000244140625,303.57000732421875,22729300
2021-10-19 00:00:00+00:00,300.4897155761719,308.2300109863281,309.29998779296875,307.2200012207031,308.3500061035156,17682100
2021-10-20 00:00:00+00:00,299.6903381347656,307.4100036621094,309.70001220703125,306.1099853515625,309.2099914550781,16537100
2021-10-21 00:00:00+00:00,302.9562683105469,310.760009765625,311.0199890136719,306.3599853515625,307.1700134277344,16918100
2021-10-22 00:00:00+00:00,301.3963928222656,309.1600036621094,311.0899963378906,307.79998779296875,310.3999938964844,17449300
2021-10-25 00:00:00+00:00,300.3922424316406,308.1300048828125,309.3999938964844,306.4599914550781,309.3599853515625,17554500
2021-10-26 00:00:00+00:00,302.3225402832031,310.1099853515625,312.3999938964844,308.6000061035156,311.0,28107300
2021-10-27 00:00:00+00:00,315.0545654296875,323.1700134277344,326.1000061035156,316.0,316.0,52588700
2021-10-28 00:00:00+00:00,316.2049560546875,324.3500061035156,324.8699951171875,321.3599853515625,324.3299865722656,26297900
2021-10-29 00:00:00+00:00,323.2923583984375,331.6199951171875,332.0,323.8999938964844,324.1300048828125,34766000
2021-11-01 00:00:00+00:00,321.0989074707031,329.3699951171875,331.489990234375,326.3699951171875,331.3599853515625,27073200
2021-11-02 00:00:00+00:00,324.7645263671875,333.1300048828125,333.45001220703125,330.0,330.30999755859375,26487100
2021-11-03 00:00:00+00:00,325.6125793457031,334.0,334.8999938964844,330.6499938964844,333.8999938964844,21500100
2021-11-04 00:00:00+00:00,327.9913635253906,336.44000244140625,336.5400085449219,329.510009765625,332.8900146484375,23992200
2021-11-05 00:00:00+00:00,327.6209411621094,336.05999755859375,338.7900085449219,334.4200134277344,338.510009765625,22570100
2021-11-08 00:00:00+00:00,328.52752685546875,336.989990234375,337.6499938964844,334.44000244140625,337.29998779296875,20897000
2021-11-09 00:00:00+00:00,327.513671875,335.95001220703125,338.7200012207031,334.5299987792969,337.1099853515625,21307400
2021-11-10 00:00:00+00:00,322.4929504394531,330.79998779296875,334.6300048828125,329.9200134277344,334.57000732421875,25500900
2021-11-11 00:00:00+00:00,324.08203125,332.42999267578125,333.7699890136719,330.510009765625,331.25,16849800
2021-11-12 00:00:00+00:00,328.26434326171875,336.7200012207031,337.2300109863281,333.7900085449219,333.9200134277344,23831000
2021-11-15 00:00:00+00:00,327.6306457519531,336.07000732421875,337.8800048828125,334.0299987792969,337.5400085449219,16723000
2021-11-16 00:00:00+00:00,330.9842529296875,339.510009765625,340.6700134277344,335.510009765625,335.67999267578125,20886800
2021-11-17 00:00:00+00:00,331.20892333984375,339.1199951171875,342.19000244140625,338.0,338.94000244140625,19053400
2021-11-18 00:00:00+00:00,333.3087463378906,341.2699890136719,342.45001220703125,337.1199951171875,338.17999267578125,22463500
2021-11-19 00:00:00+00:00,335.10577392578125,343.1099853515625,345.1000061035156,342.20001220703125,342.6400146484375,21963400
2021-11-22 00:00:00+00:00,331.9023132324219,339.8299865722656,349.6700134277344,339.54998779296875,344.6199951171875,31031100
2021-11-23 00:00:00+00:00,329.8023986816406,337.67999267578125,339.45001220703125,333.55999755859375,337.04998779296875,30427600
2021-11-24 00:00:00+00:00,330.0271301269531,337.9100036621094,338.1600036621094,333.9100036621094,336.2799987792969,21661300
2021-11-26 00:00:00+00:00,321.9891052246094,329.67999267578125,337.92999267578125,328.1199951171875,334.3500061035156,24217200
2021-11-29 00:00:00+00:00,328.7769470214844,336.6300048828125,339.0299987792969,334.739990234375,334.94000244140625,28563500
2021-11-30 00:00:00+00:00,322.8778991699219,330.5899963378906,337.7799987792969,328.989990234375,335.32000732421875,42885600
2021-12-01 00:00:00+00:00,322.3797302246094,330.0799865722656,339.2799987792969,329.3900146484375,335.1300048828125,33337600
2021-12-02 00:00:00+00:00,321.8035583496094,329.489990234375,333.489990234375,327.79998779296875,330.29998779296875,30766000
2021-12-03 00:00:00+00:00,315.47467041015625,323.010009765625,332.70001220703125,318.0299987792969,331.989990234375,41779300
2021-12-06 00:00:00+00:00,318.58050537109375,326.19000244140625,327.45001220703125,319.2300109863281,323.95001220703125,30032600
2021-12-07 00:00:00+00:00,327.1068420410156,334.9200134277344,335.79998779296875,330.1000061035156,331.6400146484375,31021900
2021-12-08 00:00:00+00:00,327.1556701660156,334.9700012207031,335.5,330.79998779296875,335.30999755859375,24761000
2021-12-09 00:00:00+00:00,325.3293151855469,333.1000061035156,336.489990234375,332.1199951171875,334.4100036621094,22214200
2021-12-10 00:00:00+00:00,334.54913330078125,342.5400085449219,343.0,334.7900085449219,334.9800109863281,38095700
2021-12-13 00:00:00+00:00,331.4823303222656,339.3999938964844,343.7900085449219,339.0799865722656,340.67999267578125,28899400
2021-12-14 00:00:00+00:00,320.6803283691406,328.3399963378906,334.6400146484375,324.1099853515625,333.2200012207031,44438700
2021-12-15 00:00:00+00:00,326.84320068359375,334.6499938964844,335.19000244140625,324.5,328.6099853515625,35381100
2021-12-16 00:00:00+00:00,317.32061767578125,324.8999938964844,336.760009765625,323.0199890136719,335.7099914550781,35034800
2021-12-17 00:00:00+00:00,316.2462463378906,323.79998779296875,324.9200134277344,317.25,320.8800048828125,47750300
2021-12-20 00:00:00+00:00,312.4469909667969,319.9100036621094,322.79998779296875,317.57000732421875,320.04998779296875,28326500
2021-12-21 00:00:00+00:00,319.65484619140625,327.2900085449219,327.7300109863281,319.79998779296875,323.2900085449219,24740600
2021-12-22 00:00:00+00:00,325.42694091796875,333.20001220703125,333.6099853515625,325.75,328.29998779296875,24831500
2021-12-23 00:00:00+00:00,326.8822326660156,334.69000244140625,336.3900146484375,332.7300109863281,332.75,19617800
2021-12-27 00:00:00+00:00,334.4612121582031,342.45001220703125,342.4800109863281,335.42999267578125,335.4599914550781,19947000
2021-12-28 00:00:00+00:00,333.28912353515625,341.25,343.80999755859375,340.32000732421875,343.1499938964844,15661500
2021-12-29 00:00:00+00:00,333.9728698730469,341.95001220703125,344.29998779296875,339.67999267578125,341.29998779296875,15042000
2021-12-30 00:00:00+00:00,331.4042053222656,339.32000732421875,343.1300048828125,338.82000732421875,341.9100036621094,15994500
2021-12-31 00:00:00+00:00,328.4741516113281,336.32000732421875,339.3599853515625,335.8500061035156,338.510009765625,18000800
2022-01-03 00:00:00+00:00,326.9408264160156,334.75,338.0,329.7799987792969,335.3500061035156,28865100
2022-01-04 00:00:00+00:00,321.33477783203125,329.010009765625,335.20001220703125,326.1199951171875,334.8299865722656,32674300
2022-01-05 00:00:00+00:00,308.9993896484375,316.3800048828125,326.07000732421875,315.9800109863281,325.8599853515625,40054300
2022-01-06 00:00:00+00:00,306.5577392578125,313.8800048828125,318.70001220703125,311.489990234375,313.1499938964844,39646100
2022-01-07 00:00:00+00:00,306.7139587402344,314.0400085449219,316.5,310.0899963378906,314.1499938964844,32720000
2022-01-10 00:00:00+00:00,306.9385681152344,314.2699890136719,314.7200012207031,304.69000244140625,309.489990234375,44289500
2022-01-11 00:00:00+00:00,307.6320495605469,314.9800109863281,316.6099853515625,309.8900146484375,313.3800048828125,29386800
2022-01-12 00:00:00+00:00,310.8452453613281,318.2699890136719,323.4100036621094,317.0799865722656,319.6700134277344,34372200
2022-01-13 00:00:00+00:00,297.6894836425781,304.79998779296875,320.8800048828125,304.0,320.4700012207031,45366000
2022-01-14 00:00:00+00:00,302.9635009765625,310.20001220703125,310.82000732421875,303.75,304.25,39846400
2022-01-18 00:00:00+00:00,295.58966064453125,302.6499938964844,309.79998779296875,301.739990234375,304.07000732421875,42333200
2022-01-19 00:00:00+00:00,296.2537841796875,303.3299865722656,313.9100036621094,302.70001220703125,306.2900085449219,45933900
2022-01-20 00:00:00+00:00,294.5641784667969,301.6000061035156,311.6499938964844,301.1400146484375,309.07000732421875,35380700
2022-01-21 00:00:00+00:00,289.1241149902344,296.0299987792969,304.1099853515625,295.6099853515625,302.69000244140625,57984400
2022-01-24 00:00:00+00:00,289.4562072753906,296.3699951171875,297.1099853515625,276.04998779296875,292.20001220703125,85731500
2022-01-25 00:00:00+00:00,281.7599792480469,288.489990234375,294.989990234375,285.1700134277344,291.5199890136719,72848600
2022-01-26 00:00:00+00:00,289.7882385253906,296.7099914550781,308.5,293.0299987792969,307.989990234375,90428900
2022-01-27 00:00:00+00:00,292.8452453613281,299.8399963378906,307.29998779296875,297.92999267578125,302.6600036621094,53481300
2022-01-28 00:00:00+00:00,301.06878662109375,308.260009765625,308.4800109863281,294.45001220703125,300.2300109863281,49743700
2022-01-31 00:00:00+00:00,303.725341796875,310.9800109863281,312.3800048828125,306.3699951171875,308.95001220703125,46444500
2022-02-01 00:00:00+00:00,301.5571594238281,308.760009765625,310.6300048828125,305.1300048828125,310.4100036621094,40950400
2022-02-02 00:00:00+00:00,306.1474609375,313.4599914550781,315.1199951171875,308.8800048828125,309.6300048828125,36636000
2022-02-03 00:00:00+00:00,294.2222900390625,301.25,311.2300109863281,299.9599914550781,309.489990234375,43730000
2022-02-04 00:00:00+00:00,298.80291748046875,305.94000244140625,308.79998779296875,299.9700012207031,300.2099914550781,35096500
2022-02-07 00:00:00+00:00,293.9293518066406,300.95001220703125,307.8399963378906,299.8999938964844,306.1700134277344,28533300
2022-02-08 00:00:00+00:00,297.45513916015625,304.55999755859375,305.55999755859375,299.95001220703125,301.25,32421200
2022-02-09 00:00:00+00:00,303.9499206542969,311.2099914550781,311.92999267578125,307.3900146484375,309.8699951171875,31284700
2022-02-10 00:00:00+00:00,295.3259582519531,302.3800048828125,309.1199951171875,300.70001220703125,304.0400085449219,45386200
2022-02-11 00:00:00+00:00,288.1571960449219,295.0400085449219,304.2900085449219,294.2200012207031,303.19000244140625,39175600
2022-02-14 00:00:00+00:00,288.1181640625,295.0,296.760009765625,291.3500061035156,293.7699890136719,36359500
2022-02-15 00:00:00+00:00,293.4605407714844,300.4700012207031,300.79998779296875,297.0199890136719,300.010009765625,27058300
2022-02-16 00:00:00+00:00,293.11798095703125,299.5,300.8699951171875,293.67999267578125,298.3699951171875,29982100
2022-02-17 00:00:00+00:00,284.5348815917969,290.7300109863281,296.79998779296875,290.0,296.3599853515625,32461600
2022-02-18 00:00:00+00:00,281.7945556640625,287.92999267578125,293.8599853515625,286.30999755859375,293.04998779296875,34264000
2022-02-22 00:00:00+00:00,281.5889892578125,287.7200012207031,291.5400085449219,284.5,285.0,41736100
2022-02-23 00:00:00+00:00,274.2977600097656,280.2699890136719,291.70001220703125,280.1000061035156,290.17999267578125,37811200
2022-02-24 00:00:00+00:00,288.3126220703125,294.5899963378906,295.1600036621094,271.5199890136719,272.510009765625,56989700
2022-02-25 00:00:00+00:00,290.9746398925781,297.30999755859375,297.6300048828125,291.6499938964844,295.1400146484375,32546700
2022-02-28 00:00:00+00:00,292.4231262207031,298.7900085449219,299.1400146484375,293.0,294.30999755859375,34627500
2022-03-01 00:00:00+00:00,288.6650085449219,294.95001220703125,299.9700012207031,292.1499938964844,296.3999938964844,31217800
2022-03-02 00:00:00+00:00,293.7933044433594,300.19000244140625,301.4700012207031,293.70001220703125,295.3599853515625,31873000
2022-03-03 00:00:00+00:00,289.6142883300781,295.9200134277344,303.1300048828125,294.04998779296875,302.8900146484375,27314500
2022-03-04 00:00:00+00:00,283.68341064453125,289.8599853515625,295.6600036621094,287.1700134277344,294.2900085449219,32356500
2022-03-07 00:00:00+00:00,272.9667053222656,278.9100036621094,289.69000244140625,278.5299987792969,288.5299987792969,43157200
2022-03-08 00:00:00+00:00,269.971923828125,275.8500061035156,283.9599914550781,270.0,277.79998779296875,48159500
2022-03-09 00:00:00+00:00,282.35235595703125,288.5,289.6000061035156,280.7799987792969,283.44000244140625,35204500
2022-03-10 00:00:00+00:00,279.5044250488281,285.5899963378906,286.6000061035156,280.5799865722656,283.0199890136719,30628000
2022-03-11 00:00:00+00:00,274.10205078125,280.07000732421875,289.510009765625,279.42999267578125,287.9599914550781,27209300
2022-03-14 00:00:00+00:00,270.5493469238281,276.44000244140625,285.3999938964844,275.82000732421875,280.3399963378906,30660700
2022-03-15 00:00:00+00:00,281.0311584472656,287.1499938964844,287.82000732421875,278.7300109863281,280.3500061035156,34245100
2022-03-16 00:00:00+00:00,288.11688232421875,294.3900146484375,294.57000732421875,283.20001220703125,289.1099853515625,37826300
2022-03-17 00:00:00+00:00,288.9291687011719,295.2200012207031,295.6099853515625,289.3699951171875,293.2900085449219,30816600
2022-03-18 00:00:00+00:00,294.02813720703125,300.42999267578125,301.0,292.7300109863281,295.3699951171875,43390600
2022-03-21 00:00:00+00:00,292.7851867675781,299.1600036621094,300.1400146484375,294.8999938964844,298.8900146484375,28351200
2022-03-22 00:00:00+00:00,297.5808410644531,304.05999755859375,305.0,298.7699890136719,299.79998779296875,27599700
2022-03-23 00:00:00+00:00,293.1081848144531,299.489990234375,303.2300109863281,297.7200012207031,300.510009765625,25715400
2022-03-24 00:00:00+00:00,297.6199951171875,304.1000061035156,304.20001220703125,298.32000732421875,299.1400146484375,24484500
2022-03-25 00:00:00+00:00,297.20892333984375,303.67999267578125,305.5,299.2900085449219,305.2300109863281,22566500
2022-03-28 00:00:00+00:00,304.0793151855469,310.70001220703125,310.79998779296875,304.3299865722656,304.3299865722656,29578200
2022-03-29 00:00:00+00:00,308.68890380859375,315.4100036621094,315.82000732421875,309.04998779296875,313.9100036621094,30393400
2022-03-30 00:00:00+00:00,307.1719665527344,313.8599853515625,315.95001220703125,311.5799865722656,313.760009765625,28163600
2022-03-31 00:00:00+00:00,301.740234375,308.30999755859375,315.1400146484375,307.8900146484375,313.8999938964844,33422100
2022-04-01 00:00:00+00:00,302.82666015625,309.4200134277344,310.1300048828125,305.5400085449219,309.3699951171875,27110500
2022-04-04 00:00:00+00:00,308.25830078125,314.9700012207031,315.1099853515625,309.7099914550781,310.0899963378906,24289600
2022-04-05 00:00:00+00:00,304.2555236816406,310.8800048828125,314.8699951171875,309.8699951171875,313.2699890136719,23156700
2022-04-06 00:00:00+00:00,293.11798095703125,299.5,307.0,296.7099914550781,305.19000244140625,40110400
2022-04-07 00:00:00+00:00,294.9481506347656,301.3699951171875,303.6499938964844,296.3500061035156,296.6600036621094,31411200
2022-04-08 00:00:00+00:00,290.6418762207031,296.9700012207031,301.1199951171875,296.2799987792969,300.44000244140625,24361900
2022-04-11 00:00:00+00:00,279.1814270019531,285.260009765625,292.6099853515625,285.0,291.7900085449219,34569300
2022-04-12 00:00:00+00:00,276.0495910644531,282.05999755859375,290.739990234375,280.489990234375,289.239990234375,30966700
2022-04-13 00:00:00+00:00,281.4910888671875,287.6199951171875,288.5799865722656,281.29998779296875,282.7300109863281,21907200
2022-04-14 00:00:00+00:00,273.86712646484375,279.8299865722656,288.30999755859375,279.32000732421875,288.0899963378906,28221600
2022-04-18 00:00:00+00:00,274.54241943359375,280.5199890136719,282.4599914550781,278.3399963378906,278.9100036621094,20778000
2022-04-19 00:00:00+00:00,279.2205810546875,285.29998779296875,286.1700134277344,278.4100036621094,279.3800048828125,22297700
2022-04-20 00:00:00+00:00,280.25799560546875,286.3599853515625,289.70001220703125,285.3699951171875,289.3999938964844,22906700
2022-04-21 00:00:00+00:00,274.82623291015625,280.80999755859375,293.29998779296875,280.05999755859375,288.5799865722656,29454600
2022-04-22 00:00:00+00:00,268.1907653808594,274.0299987792969,283.20001220703125,273.3800048828125,281.67999267578125,29405800
2022-04-25 00:00:00+00:00,274.7381591796875,280.7200012207031,281.1099853515625,270.7699890136719,273.2900085449219,35678900
2022-04-26 00:00:00+00:00,264.4619140625,270.2200012207031,278.3599853515625,270.0,277.5,46518400
2022-04-27 00:00:00+00:00,277.1849060058594,283.2200012207031,290.9700012207031,279.1600036621094,282.1000061035156,63477700
2022-04-28 00:00:00+00:00,283.45831298828125,289.6300048828125,290.9800109863281,281.4599914550781,285.19000244140625,33646600
2022-04-29 00:00:00+00:00,271.60638427734375,277.5199890136719,289.8800048828125,276.5,288.6099853515625,37073900
2022-05-02 00:00:00+00:00,278.4082946777344,284.4700012207031,284.94000244140625,276.2200012207031,277.7099914550781,35151100
2022-05-03 00:00:00+00:00,275.77557373046875,281.7799987792969,284.1300048828125,280.1499938964844,283.9599914550781,25978600
2022-05-04 00:00:00+00:00,283.8008728027344,289.9800109863281,290.8800048828125,276.7300109863281,282.5899963378906,33599300
2022-05-05 00:00:00+00:00,271.43994140625,277.3500061035156,286.3500061035156,274.3399963378906,285.5400085449219,43260400
2022-05-06 00:00:00+00:00,268.8758239746094,274.7300109863281,279.25,271.2699890136719,274.80999755859375,37780300
2022-05-09 00:00:00+00:00,258.9420471191406,264.5799865722656,272.3599853515625,263.32000732421875,270.05999755859375,47726000
2022-05-10 00:00:00+00:00,263.7572326660156,269.5,273.75,265.07000732421875,271.69000244140625,39336400
2022-05-11 00:00:00+00:00,254.9979705810547,260.54998779296875,271.3599853515625,259.29998779296875,265.67999267578125,48975900
2022-05-12 00:00:00+00:00,249.90879821777344,255.35000610351562,259.8800048828125,250.02000427246094,257.69000244140625,51033800
2022-05-13 00:00:00+00:00,255.55580139160156,261.1199951171875,263.0400085449219,255.35000610351562,257.3500061035156,34925100
2022-05-16 00:00:00+00:00,255.92771911621094,261.5,265.82000732421875,255.77999877929688,259.9599914550781,32550900
2022-05-17 00:00:00+00:00,261.1343688964844,266.82000732421875,268.3299865722656,262.4599914550781,266.1099853515625,28828800
2022-05-18 00:00:00+00:00,249.24501037597656,254.0800018310547,263.6000061035156,252.77000427246094,263.0,31356000
2022-05-19 00:00:00+00:00,248.3228759765625,253.13999938964844,257.6700134277344,251.8800048828125,253.89999389648438,32692300
2022-05-20 00:00:00+00:00,247.75393676757812,252.55999755859375,258.5400085449219,246.44000244140625,257.239990234375,39199300
2022-05-23 00:00:00+00:00,255.68997192382812,260.6499938964844,261.5,253.42999267578125,255.49000549316406,33175400
2022-05-24 00:00:00+00:00,254.6795654296875,259.6199951171875,261.3299865722656,253.5,257.8900146484375,29043900
2022-05-25 00:00:00+00:00,257.5243835449219,262.5199890136719,264.5799865722656,257.1300048828125,258.1400146484375,28547900
2022-05-26 00:00:00+00:00,260.8400573730469,265.8999938964844,267.1099853515625,261.42999267578125,262.2699890136719,25002100
2022-05-27 00:00:00+00:00,268.0403747558594,273.239990234375,273.3399963378906,267.55999755859375,268.4800109863281,26910800
2022-05-31 00:00:00+00:00,266.6964416503906,271.8699951171875,274.7699890136719,268.92999267578125,272.5299987792969,37827700
2022-06-01 00:00:00+00:00,267.23602294921875,272.4200134277344,277.69000244140625,270.0400085449219,275.20001220703125,25292200
2022-06-02 00:00:00+00:00,269.35491943359375,274.5799865722656,274.6499938964844,261.6000061035156,264.45001220703125,44008200
2022-06-03 00:00:00+00:00,264.88165283203125,270.0199890136719,273.45001220703125,268.4100036621094,270.30999755859375,28059000
2022-06-06 00:00:00+00:00,263.63580322265625,268.75,274.17999267578125,267.2200012207031,272.05999755859375,22400300
2022-06-07 00:00:00+00:00,267.3144836425781,272.5,273.1300048828125,265.94000244140625,266.6400146484375,22860700
2022-06-08 00:00:00+00:00,265.2642822265625,270.4100036621094,273.0,269.6099853515625,271.7099914550781,17372300
2022-06-09 00:00:00+00:00,259.751220703125,264.7900085449219,272.7099914550781,264.6300048828125,267.7799987792969,26439700
2022-06-10 00:00:00+00:00,248.17575073242188,252.99000549316406,260.5799865722656,252.52999877929688,260.5799865722656,31422800
2022-06-13 00:00:00+00:00,237.64991760253906,242.25999450683594,249.02000427246094,241.52999877929688,245.11000061035156,46135800
2022-06-14 00:00:00+00:00,239.83750915527344,244.49000549316406,245.74000549316406,241.50999450683594,243.86000061035156,28651500
2022-06-15 00:00:00+00:00,246.96914672851562,251.75999450683594,255.3000030517578,246.4199981689453,248.30999755859375,33111700
2022-06-16 00:00:00+00:00,240.30836486816406,244.97000122070312,247.4199981689453,243.02000427246094,245.97999572753906,33169200
2022-06-17 00:00:00+00:00,242.93734741210938,247.64999389648438,250.5,244.02999877929688,244.6999969482422,43084800
2022-06-21 00:00:00+00:00,248.9114990234375,253.74000549316406,254.75,249.50999450683594,250.25999450683594,29928300
2022-06-22 00:00:00+00:00,248.3131103515625,253.1300048828125,257.1700134277344,250.3699951171875,251.88999938964844,25939900
2022-06-23 00:00:00+00:00,253.9340362548828,258.8599853515625,259.3699951171875,253.6300048828125,255.57000732421875,25861400
2022-06-24 00:00:00+00:00,262.6058044433594,267.70001220703125,267.9800109863281,261.7200012207031,261.80999755859375,33923200
2022-06-27 00:00:00+00:00,259.84930419921875,264.8900146484375,268.29998779296875,263.2799987792969,268.2099914550781,24615100
2022-06-28 00:00:00+00:00,251.599365234375,256.4800109863281,266.9100036621094,256.32000732421875,263.9800109863281,27295500
2022-06-29 00:00:00+00:00,255.30738830566406,260.260009765625,261.9700012207031,255.75999450683594,257.5899963378906,20069800
2022-06-30 00:00:00+00:00,251.94268798828125,256.8299865722656,259.5299987792969,252.89999389648438,257.04998779296875,31730900
2022-07-01 00:00:00+00:00,254.64036560058594,259.5799865722656,259.7699890136719,254.61000061035156,256.3900146484375,22837700
2022-07-05 00:00:00+00:00,257.8481140136719,262.8500061035156,262.9800109863281,254.74000549316406,256.1600036621094,22941000
2022-07-06 00:00:00+00:00,261.1441955566406,266.2099914550781,267.989990234375,262.3999938964844,263.75,23824400
2022-07-07 00:00:00+00:00,263.2925109863281,268.3999938964844,269.05999755859375,265.0199890136719,265.1199951171875,20859900
2022-07-08 00:00:00+00:00,262.56658935546875,267.6600036621094,268.1000061035156,263.2900085449219,264.7900085449219,19658800
2022-07-11 00:00:00+00:00,259.47650146484375,264.510009765625,266.5299987792969,262.17999267578125,265.6499938964844,19455200
2022-07-12 00:00:00+00:00,248.84280395507812,253.6699981689453,265.94000244140625,252.0399932861328,265.8800048828125,35868500
2022-07-13 00:00:00+00:00,247.910888671875,252.72000122070312,253.5500030517578,248.11000061035156,250.19000244140625,29497400
2022-07-14 00:00:00+00:00,249.24501037597656,254.0800018310547,255.13999938964844,245.94000244140625,250.57000732421875,25102800
2022-07-15 00:00:00+00:00,251.83477783203125,256.7200012207031,260.3699951171875,254.77000427246094,255.72000122070312,29774100
2022-07-18 00:00:00+00:00,249.41175842285156,254.25,260.8399963378906,253.3000030517578,259.75,20975000
2022-07-19 00:00:00+00:00,254.5912628173828,259.5299987792969,259.7200012207031,253.67999267578125,257.5799865722656,25012600
2022-07-20 00:00:00+00:00,257.2791442871094,262.2699890136719,264.8699951171875,258.9100036621094,259.8999938964844,22788300
2022-07-21 00:00:00+00:00,259.8002624511719,264.8399963378906,264.8900146484375,257.0299987792969,259.7900085449219,22404700
2022-07-22 00:00:00+00:00,255.4054718017578,260.3599853515625,265.3299865722656,259.07000732421875,265.239990234375,21881300
2022-07-25 00:00:00+00:00,253.90460205078125,258.8299865722656,261.5,256.80999755859375,261.0,21056000
2022-07-26 00:00:00+00:00,247.1064910888672,251.89999389648438,259.8800048828125,249.57000732421875,259.8599853515625,39348000
2022-07-27 00:00:00+00:00,263.62603759765625,268.739990234375,270.04998779296875,258.8500061035156,261.1600036621094,45994000
2022-07-28 00:00:00+00:00,271.15008544921875,276.4100036621094,277.8399963378906,267.8699951171875,269.75,33459300
2022-07-29 00:00:00+00:00,275.3976745605469,280.739990234375,282.0,276.6300048828125,277.70001220703125,32152800
2022-08-01 00:00:00+00:00,272.7196350097656,278.010009765625,281.2799987792969,275.8399963378906,277.82000732421875,21539600
2022-08-02 00:00:00+00:00,269.59033203125,274.82000732421875,277.8900146484375,272.3800048828125,276.0,22754200
2022-08-03 00:00:00+00:00,277.0947570800781,282.4700012207031,283.5,276.6099853515625,276.760009765625,23518900
2022-08-04 00:00:00+00:00,278.2523498535156,283.6499938964844,283.79998779296875,280.1700134277344,281.79998779296875,18098700
2022-08-05 00:00:00+00:00,277.5263671875,282.9100036621094,283.6499938964844,278.67999267578125,279.1499938964844,16774600
2022-08-08 00:00:00+00:00,274.9857177734375,280.32000732421875,285.9200134277344,279.32000732421875,284.04998779296875,18739200
2022-08-09 00:00:00+00:00,276.9280090332031,282.29998779296875,283.0799865722656,277.6099853515625,279.6400146484375,23405200
2022-08-10 00:00:00+00:00,283.657470703125,289.1600036621094,289.80999755859375,286.94000244140625,288.1700134277344,24687800
2022-08-11 00:00:00+00:00,281.5581359863281,287.0199890136719,291.2099914550781,286.510009765625,290.8500061035156,20065900
2022-08-12 00:00:00+00:00,286.35516357421875,291.9100036621094,291.9100036621094,286.94000244140625,288.4800109863281,22619700
2022-08-15 00:00:00+00:00,287.8854064941406,293.4700012207031,294.17999267578125,290.1099853515625,291.0,18085700
2022-08-16 00:00:00+00:00,287.1398620605469,292.7099914550781,294.0400085449219,290.4200134277344,291.989990234375,18102900
2022-08-17 00:00:00+00:00,286.38299560546875,291.32000732421875,293.3500061035156,289.4700012207031,289.739990234375,18253400
2022-08-18 00:00:00+00:00,285.2524719238281,290.1700134277344,291.9100036621094,289.0799865722656,290.19000244140625,17186200
2022-08-19 00:00:00+00:00,281.300537109375,286.1499938964844,289.25,285.55999755859375,288.8999938964844,20570000
2022-08-22 00:00:00+00:00,273.0429382324219,277.75,282.4599914550781,277.2200012207031,282.0799865722656,25061100
2022-08-23 00:00:00+00:00,271.755126953125,276.44000244140625,278.8599853515625,275.3999938964844,276.44000244140625,17527400
2022-08-24 00:00:00+00:00,271.11614990234375,275.7900085449219,277.2300109863281,275.1099853515625,275.4100036621094,18137000
2022-08-25 00:00:00+00:00,274.124267578125,278.8500061035156,279.0199890136719,274.5199890136719,277.3299865722656,16583400
2022-08-26 00:00:00+00:00,263.546630859375,268.0899963378906,280.3399963378906,267.9800109863281,279.0799865722656,27549300
2022-08-29 00:00:00+00:00,260.735107421875,265.2300109863281,267.3999938964844,263.8500061035156,265.8500061035156,20338500
2022-08-30 00:00:00+00:00,258.513427734375,262.9700012207031,267.04998779296875,260.6600036621094,266.6700134277344,22767100
2022-08-31 00:00:00+00:00,257.0387878417969,261.4700012207031,267.1099853515625,261.3299865722656,265.3900146484375,24791800
2022-09-01 00:00:00+00:00,255.98695373535156,260.3999938964844,260.8900146484375,255.41000366210938,258.8699951171875,23263400
2022-09-02 00:00:00+00:00,251.7205047607422,256.05999755859375,264.739990234375,254.47000122070312,261.70001220703125,22855400
2022-09-06 00:00:00+00:00,248.95811462402344,253.25,257.8299865722656,251.94000244140625,256.20001220703125,21328200
2022-09-07 00:00:00+00:00,253.71607971191406,258.0899963378906,258.8299865722656,253.22000122070312,254.6999969482422,24126700
2022-09-08 00:00:00+00:00,254.1387939453125,258.5199890136719,260.42999267578125,254.7899932861328,257.510009765625,20319900
2022-09-09 00:00:00+00:00,259.9781188964844,264.4599914550781,265.2300109863281,260.2900085449219,260.5,22084700
2022-09-12 00:00:00+00:00,262.1310119628906,266.6499938964844,267.45001220703125,265.1600036621094,265.7799987792969,18747700
2022-09-13 00:00:00+00:00,247.719482421875,251.99000549316406,260.3999938964844,251.58999633789062,258.8399963378906,33353300
2022-09-14 00:00:00+00:00,247.94558715820312,252.22000122070312,254.22999572753906,249.86000061035156,253.52999877929688,23913000
2022-09-15 00:00:00+00:00,241.2215118408203,245.3800048828125,251.39999389648438,244.02000427246094,249.77000427246094,31530900
2022-09-16 00:00:00+00:00,240.59234619140625,244.74000549316406,245.3000030517578,242.05999755859375,244.25999450683594,39791800
2022-09-19 00:00:00+00:00,240.37608337402344,244.52000427246094,245.13999938964844,240.85000610351562,242.47000122070312,26826900
2022-09-20 00:00:00+00:00,238.34115600585938,242.4499969482422,243.50999450683594,239.63999938964844,242.07000732421875,26660300
2022-09-21 00:00:00+00:00,234.9004669189453,238.9499969482422,247.66000366210938,238.89999389648438,244.27000427246094,28625600
2022-09-22 00:00:00+00:00,236.8960418701172,240.97999572753906,243.86000061035156,237.57000732421875,237.8699951171875,31061200
2022-09-23 00:00:00+00:00,233.88792419433594,237.9199981689453,241.1300048828125,235.1999969482422,239.5399932861328,34176000
2022-09-26 00:00:00+00:00,233.42588806152344,237.4499969482422,241.4499969482422,236.89999389648438,237.0500030517578,27694200
2022-09-27 00:00:00+00:00,232.40353393554688,236.41000366210938,241.8000030517578,234.5,239.97999572753906,27018700
2022-09-28 00:00:00+00:00,236.9845428466797,241.07000732421875,242.3300018310547,234.72999572753906,236.80999755859375,29029700
2022-09-29 00:00:00+00:00,233.4750213623047,237.5,239.9499969482422,234.41000366210938,238.88999938964844,27484200
2022-09-30 00:00:00+00:00,228.9530029296875,232.89999389648438,240.5399932861328,232.72999572753906,238.2899932861328,35694800
2022-10-03 00:00:00+00:00,236.66014099121094,240.74000549316406,241.61000061035156,234.66000366210938,235.41000366210938,28880400
2022-10-04 00:00:00+00:00,244.6621856689453,248.8800048828125,250.36000061035156,244.97999572753906,245.08999633789062,34888400
2022-10-05 00:00:00+00:00,244.97674560546875,249.1999969482422,250.5800018310547,244.10000610351562,245.99000549316406,20347100
2022-10-06 00:00:00+00:00,242.60760498046875,246.7899932861328,250.33999633789062,246.0800018310547,247.92999267578125,20239900
2022-10-07 00:00:00+00:00,230.27029418945312,234.24000549316406,241.32000732421875,233.1699981689453,240.89999389648438,37769600
2022-10-10 00:00:00+00:00,225.3648681640625,229.25,234.55999755859375,226.72999572753906,233.0500030517578,29743600
2022-10-11 00:00:00+00:00,221.58993530273438,225.41000366210938,229.05999755859375,224.11000061035156,227.6199951171875,30474000
2022-10-12 00:00:00+00:00,221.92416381835938,225.75,227.86000061035156,223.9600067138672,225.39999389648438,21903900
2022-10-13 00:00:00+00:00,230.27029418945312,234.24000549316406,236.10000610351562,219.1300048828125,219.85000610351562,42551800
2022-10-14 00:00:00+00:00,224.68653869628906,228.55999755859375,237.24000549316406,228.33999633789062,235.5399932861328,30198600
2022-10-17 00:00:00+00:00,233.5045166015625,237.52999877929688,238.9600067138672,235.13999938964844,235.82000732421875,28142300
2022-10-18 00:00:00+00:00,234.45811462402344,238.5,243.92999267578125,235.3699951171875,243.24000549316406,26329600
2022-10-19 00:00:00+00:00,232.4723358154297,236.47999572753906,239.61000061035156,234.2899932861328,237.0399932861328,19985700
2022-10-20 00:00:00+00:00,232.14791870117188,236.14999389648438,241.30999755859375,234.8699951171875,235.77000427246094,21811000
2022-10-21 00:00:00+00:00,238.0167236328125,242.1199951171875,243.0,234.5,234.74000549316406,26299700
2022-10-24 00:00:00+00:00,243.05979919433594,247.25,247.83999633789062,241.3000030517578,243.75999450683594,24911200
2022-10-25 00:00:00+00:00,246.41200256347656,250.66000366210938,251.0399932861328,245.8300018310547,247.25999450683594,34775500
2022-10-26 00:00:00+00:00,227.39976501464844,231.32000732421875,238.3000030517578,230.05999755859375,231.1699981689453,82543200
2022-10-27 00:00:00+00:00,222.90724182128906,226.75,233.69000244140625,225.77999877929688,231.0399932861328,40424600
2022-10-28 00:00:00+00:00,231.87266540527344,235.8699951171875,236.60000610351562,226.0500030517578,226.24000549316406,40647700
2022-10-31 00:00:00+00:00,228.19606018066406,232.1300048828125,234.9199981689453,231.14999389648438,233.75999450683594,28357300
2022-11-01 00:00:00+00:00,224.30316162109375,228.1699981689453,235.74000549316406,227.3300018310547,234.60000610351562,30592300
2022-11-02 00:00:00+00:00,216.36993408203125,220.10000610351562,231.3000030517578,220.0399932861328,229.4600067138672,38407000
2022-11-03 00:00:00+00:00,210.61904907226562,214.25,220.41000366210938,213.97999572753906,220.08999633789062,36633900
2022-11-04 00:00:00+00:00,217.63807678222656,221.38999938964844,221.58999633789062,213.42999267578125,217.5500030517578,36789100
2022-11-07 00:00:00+00:00,224.0082244873047,227.8699951171875,228.41000366210938,221.27999877929688,221.99000549316406,33498000
2022-11-08 00:00:00+00:00,224.99130249023438,228.8699951171875,231.64999389648438,225.83999633789062,228.6999969482422,28192500
2022-11-09 00:00:00+00:00,220.70518493652344,224.50999450683594,228.6300048828125,224.3300018310547,227.3699951171875,27852900
2022-11-10 00:00:00+00:00,238.86215209960938,242.97999572753906,243.3300018310547,235.0,235.42999267578125,46268000
2022-11-11 00:00:00+00:00,242.92218017578125,247.11000061035156,247.99000549316406,241.92999267578125,242.99000549316406,34620200
2022-11-14 00:00:00+00:00,237.45640563964844,241.5500030517578,243.91000366210938,239.2100067138672,241.99000549316406,31123300
2022-11-15 00:00:00+00:00,237.86927795410156,241.97000122070312,247.0,240.02999877929688,245.66000366210938,31390100
2022-11-16 00:00:00+00:00,238.3030242919922,241.72999572753906,243.8000030517578,240.4199981689453,242.7899932861328,24093300
2022-11-17 00:00:00+00:00,238.25372314453125,241.67999267578125,243.25,237.6300048828125,237.77999877929688,23123500
2022-11-18 00:00:00+00:00,237.80027770996094,241.22000122070312,243.74000549316406,239.02999877929688,243.50999450683594,27613500
2022-11-21 00:00:00+00:00,238.6185302734375,242.0500030517578,244.6699981689453,241.19000244140625,241.42999267578125,26394700
2022-11-22 00:00:00+00:00,241.55624389648438,245.02999877929688,245.30999755859375,240.7100067138672,243.58999633789062,19665700
2022-11-23 00:00:00+00:00,244.07012939453125,247.5800018310547,248.27999877929688,244.27000427246094,245.11000061035156,19508500
2022-11-25 00:00:00+00:00,243.9813690185547,247.49000549316406,248.6999969482422,246.72999572753906,247.30999755859375,9200800
2022-11-28 00:00:00+00:00,238.33261108398438,241.75999450683594,246.64999389648438,240.8000030517578,246.0800018310547,24778200
2022-11-29 00:00:00+00:00,236.92291259765625,240.3300018310547,242.7899932861328,238.2100067138672,241.39999389648438,17956300
2022-11-30 00:00:00+00:00,251.52293395996094,255.13999938964844,255.3300018310547,239.86000061035156,240.57000732421875,47594200
2022-12-01 00:00:00+00:00,251.079345703125,254.69000244140625,256.1199951171875,250.9199981689453,253.8699951171875,26041500
2022-12-02 00:00:00+00:00,251.4046630859375,255.02000427246094,256.05999755859375,249.69000244140625,249.82000732421875,21528500
2022-12-05 00:00:00+00:00,246.6529541015625,250.1999969482422,253.82000732421875,248.05999755859375,252.00999450683594,23435300
2022-12-06 00:00:00+00:00,241.64498901367188,245.1199951171875,251.86000061035156,243.77999877929688,250.82000732421875,22463700
2022-12-07 00:00:00+00:00,240.9055938720703,244.3699951171875,246.16000366210938,242.2100067138672,244.8300018310547,20481500
2022-12-08 00:00:00+00:00,243.8926544189453,247.39999389648438,248.74000549316406,243.05999755859375,244.83999633789062,22611800
2022-12-09 00:00:00+00:00,241.94073486328125,245.4199981689453,248.30999755859375,244.16000366210938,244.6999969482422,20609700
2022-12-12 00:00:00+00:00,248.9302215576172,252.50999450683594,252.5399932861328,247.1699981689453,247.4499969482422,30665100
2022-12-13 00:00:00+00:00,253.2777099609375,256.9200134277344,263.9200134277344,253.07000732421875,261.69000244140625,42196900
2022-12-14 00:00:00+00:00,253.573486328125,257.2200012207031,262.5899963378906,254.30999755859375,257.1300048828125,35410900
2022-12-15 00:00:00+00:00,245.47982788085938,249.00999450683594,254.1999969482422,247.33999633789062,253.72000122070312,35560400
2022-12-16 00:00:00+00:00,241.22109985351562,244.69000244140625,249.83999633789062,243.50999450683594,248.5500030517578,86102000
2022-12-19 00:00:00+00:00,237.04119873046875,240.4499969482422,245.2100067138672,238.7100067138672,244.86000061035156,29696400
2022-12-20 00:00:00+00:00,238.37203979492188,241.8000030517578,242.91000366210938,238.4199981689453,239.39999389648438,25150800
2022-12-21 00:00:00+00:00,240.96475219726562,244.42999267578125,245.6199951171875,240.11000061035156,241.69000244140625,23690600
2022-12-22 00:00:00+00:00,234.81324768066406,238.19000244140625,241.99000549316406,233.8699951171875,241.25999450683594,28651700
2022-12-23 00:00:00+00:00,235.34556579589844,238.72999572753906,238.8699951171875,233.94000244140625,236.11000061035156,21207000
2022-12-27 00:00:00+00:00,233.60067749023438,236.9600067138672,238.92999267578125,235.8300018310547,238.6999969482422,16688600
2022-12-28 00:00:00+00:00,231.20510864257812,234.52999877929688,239.72000122070312,234.1699981689453,236.88999938964844,17457100
2022-12-29 00:00:00+00:00,237.59323120117188,241.00999450683594,241.9199981689453,235.64999389648438,235.64999389648438,19770700
2022-12-30 00:00:00+00:00,236.4201202392578,239.82000732421875,239.9600067138672,236.66000366210938,238.2100067138672,21938500
